[{"id": "6", "count": 528259}, {"id": "28", "count": 312385}, {"id": "1", "count": 237886}, {"id": "16", "count": 209480}, {"id": "5", "count": 187912}, {"id": "38", "count": 163855}, {"id": "23", "count": 121134}, {"id": "10", "count": 104102}, {"id": "49", "count": 103128}, {"id": "32", "count": 80758}, {"id": "50", "count": 74890}, {"id": "8", "count": 67981}, {"id": "4", "count": 64496}, {"id": "22", "count": 55154}, {"id": "33", "count": 51307}, {"id": "17", "count": 49651}, {"id": "11", "count": 47958}, {"id": "51", "count": 44870}, {"id": "39", "count": 42906}, {"id": "27", "count": 40599}, {"id": "34", "count": 39800}, {"id": "7", "count": 39243}, {"id": "31", "count": 33091}, {"id": "42", "count": 31765}, {"id": "21", "count": 30467}, {"id": "40", "count": 30263}, {"id": "25", "count": 22212}, {"id": "37", "count": 21146}, {"id": "9", "count": 17920}, {"id": "41", "count": 16563}, {"id": "57", "count": 13813}, {"id": "18", "count": 13465}, {"id": "43", "count": 13138}, {"id": "19", "count": 10637}, {"id": "14", "count": 9448}, {"id": "46", "count": 7340}, {"id": "12", "count": 6084}, {"id": "26", "count": 5370}, {"id": "48", "count": 4859}, {"id": "35", "count": 4765}, {"id": "44", "count": 4157}, {"id": "3", "count": 3458}, {"id": "68", "count": 2814}, {"id": "0", "count": 2780}, {"id": "60", "count": 2494}, {"id": "54", "count": 2348}, {"id": "2", "count": 1855}, {"id": "64", "count": 1293}, {"id": "58", "count": 1279}, {"id": "55", "count": 1136}, {"id": "67", "count": 1007}, {"id": "65", "count": 1001}, {"id": "70", "count": 832}, {"id": "69", "count": 823}, {"id": "52", "count": 561}, {"id": "66", "count": 314}, {"id": "20", "count": 309}, {"id": "15", "count": 285}, {"id": "53", "count": 200}, {"id": "71", "count": 173}, {"id": "59", "count": 173}, {"id": "63", "count": 129}, {"id": "13", "count": 123}, {"id": "24", "count": 119}, {"id": "30", "count": 91}, {"id": "72", "count": 86}, {"id": "36", "count": 69}, {"id": "47", "count": 69}, {"id": "61", "count": 36}, {"id": "62", "count": 31}, {"id": "56", "count": 19}]