[{"id": "33", "count": 47174}, {"id": "52", "count": 45984}, {"id": "58", "count": 43178}, {"id": "53", "count": 42388}, {"id": "47", "count": 42304}, {"id": "46", "count": 42127}, {"id": "3", "count": 41017}, {"id": "50", "count": 38726}, {"id": "49", "count": 37555}, {"id": "44", "count": 37012}, {"id": "41", "count": 35664}, {"id": "54", "count": 34360}, {"id": "43", "count": 34129}, {"id": "36", "count": 34013}, {"id": "34", "count": 33752}, {"id": "60", "count": 33504}, {"id": "45", "count": 33330}, {"id": "55", "count": 33010}, {"id": "51", "count": 32965}, {"id": "59", "count": 32929}, {"id": "15", "count": 31753}, {"id": "42", "count": 31591}, {"id": "28", "count": 31539}, {"id": "17", "count": 30917}, {"id": "104", "count": 30532}, {"id": "56", "count": 30475}, {"id": "24", "count": 30424}, {"id": "48", "count": 29911}, {"id": "27", "count": 29705}, {"id": "16", "count": 29551}, {"id": "110", "count": 29441}, {"id": "57", "count": 29105}, {"id": "29", "count": 28873}, {"id": "111", "count": 28365}, {"id": "25", "count": 28353}, {"id": "103", "count": 27580}, {"id": "105", "count": 26579}, {"id": "32", "count": 25686}, {"id": "109", "count": 25532}, {"id": "77", "count": 25188}, {"id": "35", "count": 24835}, {"id": "106", "count": 24374}, {"id": "30", "count": 24294}, {"id": "101", "count": 23798}, {"id": "100", "count": 22665}, {"id": "99", "count": 20709}, {"id": "67", "count": 19993}, {"id": "0", "count": 19542}, {"id": "63", "count": 19164}, {"id": "31", "count": 18385}, {"id": "62", "count": 18238}, {"id": "64", "count": 18229}, {"id": "61", "count": 16554}, {"id": "123", "count": 14783}, {"id": "2", "count": 13888}, {"id": "157", "count": 13765}, {"id": "38", "count": 13748}, {"id": "7", "count": 13428}, {"id": "4", "count": 13424}, {"id": "26", "count": 13320}, {"id": "127", "count": 13270}, {"id": "86", "count": 13128}, {"id": "14", "count": 13015}, {"id": "125", "count": 12953}, {"id": "8", "count": 12921}, {"id": "223", "count": 12836}, {"id": "39", "count": 12730}, {"id": "112", "count": 12452}, {"id": "18", "count": 12315}, {"id": "91", "count": 12019}, {"id": "102", "count": 11456}, {"id": "10", "count": 11180}, {"id": "37", "count": 11032}, {"id": "20", "count": 10800}, {"id": "22", "count": 10729}, {"id": "65", "count": 10431}, {"id": "9", "count": 10379}, {"id": "66", "count": 10355}, {"id": "89", "count": 10112}, {"id": "222", "count": 9533}, {"id": "88", "count": 9176}, {"id": "124", "count": 9115}, {"id": "5", "count": 9108}, {"id": "11", "count": 8744}, {"id": "122", "count": 8449}, {"id": "194", "count": 8297}, {"id": "12", "count": 8292}, {"id": "379", "count": 8219}, {"id": "83", "count": 7961}, {"id": "79", "count": 7847}, {"id": "119", "count": 7616}, {"id": "90", "count": 7499}, {"id": "19", "count": 7455}, {"id": "116", "count": 7443}, {"id": "94", "count": 7386}, {"id": "81", "count": 7355}, {"id": "172", "count": 7276}, {"id": "225", "count": 7167}, {"id": "118", "count": 7103}, {"id": "87", "count": 7101}, {"id": "40", "count": 6815}, {"id": "93", "count": 6751}, {"id": "117", "count": 6672}, {"id": "156", "count": 6617}, {"id": "135", "count": 6284}, {"id": "226", "count": 6171}, {"id": "232", "count": 6121}, {"id": "1", "count": 6008}, {"id": "75", "count": 6001}, {"id": "114", "count": 6001}, {"id": "532", "count": 5908}, {"id": "121", "count": 5887}, {"id": "6", "count": 5856}, {"id": "126", "count": 5837}, {"id": "113", "count": 5627}, {"id": "418", "count": 5584}, {"id": "21", "count": 5446}, {"id": "134", "count": 5445}, {"id": "383", "count": 5437}, {"id": "23", "count": 5422}, {"id": "107", "count": 5409}, {"id": "84", "count": 5381}, {"id": "13", "count": 5340}, {"id": "229", "count": 5327}, {"id": "137", "count": 5226}, {"id": "68", "count": 5188}, {"id": "224", "count": 5172}, {"id": "85", "count": 5149}, {"id": "136", "count": 5108}, {"id": "138", "count": 5091}, {"id": "141", "count": 5008}, {"id": "78", "count": 5003}, {"id": "95", "count": 4974}, {"id": "140", "count": 4960}, {"id": "142", "count": 4924}, {"id": "412", "count": 4918}, {"id": "139", "count": 4906}, {"id": "145", "count": 4903}, {"id": "155", "count": 4880}, {"id": "152", "count": 4863}, {"id": "146", "count": 4830}, {"id": "70", "count": 4733}, {"id": "143", "count": 4668}, {"id": "144", "count": 4667}, {"id": "133", "count": 4638}, {"id": "381", "count": 4559}, {"id": "71", "count": 4510}, {"id": "149", "count": 4498}, {"id": "481", "count": 4459}, {"id": "115", "count": 4428}, {"id": "74", "count": 4270}, {"id": "147", "count": 4257}, {"id": "108", "count": 4243}, {"id": "482", "count": 4139}, {"id": "148", "count": 4131}, {"id": "230", "count": 4131}, {"id": "76", "count": 4099}, {"id": "128", "count": 4085}, {"id": "131", "count": 4020}, {"id": "423", "count": 4000}, {"id": "154", "count": 3943}, {"id": "380", "count": 3914}, {"id": "231", "count": 3632}, {"id": "82", "count": 3591}, {"id": "129", "count": 3587}, {"id": "594", "count": 3260}, {"id": "394", "count": 3248}, {"id": "130", "count": 3228}, {"id": "488", "count": 3093}, {"id": "227", "count": 3082}, {"id": "97", "count": 3051}, {"id": "593", "count": 2957}, {"id": "166", "count": 2884}, {"id": "132", "count": 2882}, {"id": "487", "count": 2874}, {"id": "489", "count": 2852}, {"id": "410", "count": 2744}, {"id": "464", "count": 2719}, {"id": "615", "count": 2620}, {"id": "522", "count": 2543}, {"id": "411", "count": 2541}, {"id": "598", "count": 2494}, {"id": "193", "count": 2395}, {"id": "540", "count": 2234}, {"id": "422", "count": 2217}, {"id": "549", "count": 2194}, {"id": "490", "count": 2194}, {"id": "541", "count": 2182}, {"id": "120", "count": 2170}, {"id": "80", "count": 2166}, {"id": "73", "count": 2136}, {"id": "524", "count": 2125}, {"id": "485", "count": 2096}, {"id": "150", "count": 2059}, {"id": "151", "count": 2050}, {"id": "69", "count": 2044}, {"id": "591", "count": 2037}, {"id": "590", "count": 2031}, {"id": "741", "count": 2028}, {"id": "702", "count": 2022}, {"id": "595", "count": 1991}, {"id": "608", "count": 1990}, {"id": "609", "count": 1988}, {"id": "610", "count": 1982}, {"id": "611", "count": 1981}, {"id": "614", "count": 1971}, {"id": "613", "count": 1969}, {"id": "616", "count": 1954}, {"id": "153", "count": 1948}, {"id": "228", "count": 1948}, {"id": "161", "count": 1946}, {"id": "158", "count": 1944}, {"id": "160", "count": 1933}, {"id": "543", "count": 1930}, {"id": "612", "count": 1923}, {"id": "162", "count": 1922}, {"id": "668", "count": 1907}, {"id": "159", "count": 1878}, {"id": "734", "count": 1865}, {"id": "527", "count": 1839}, {"id": "526", "count": 1833}, {"id": "486", "count": 1819}, {"id": "736", "count": 1817}, {"id": "666", "count": 1813}, {"id": "664", "count": 1796}, {"id": "165", "count": 1784}, {"id": "382", "count": 1781}, {"id": "168", "count": 1753}, {"id": "660", "count": 1750}, {"id": "675", "count": 1733}, {"id": "167", "count": 1730}, {"id": "523", "count": 1721}, {"id": "669", "count": 1703}, {"id": "754", "count": 1688}, {"id": "548", "count": 1680}, {"id": "528", "count": 1676}, {"id": "164", "count": 1640}, {"id": "748", "count": 1606}, {"id": "751", "count": 1588}, {"id": "746", "count": 1563}, {"id": "705", "count": 1553}, {"id": "529", "count": 1546}, {"id": "72", "count": 1538}, {"id": "539", "count": 1532}, {"id": "677", "count": 1531}, {"id": "706", "count": 1509}, {"id": "566", "count": 1508}, {"id": "630", "count": 1505}, {"id": "753", "count": 1502}, {"id": "696", "count": 1496}, {"id": "631", "count": 1490}, {"id": "739", "count": 1475}, {"id": "659", "count": 1475}, {"id": "427", "count": 1472}, {"id": "163", "count": 1464}, {"id": "484", "count": 1461}, {"id": "758", "count": 1460}, {"id": "697", "count": 1445}, {"id": "704", "count": 1437}, {"id": "301", "count": 1435}, {"id": "742", "count": 1429}, {"id": "454", "count": 1428}, {"id": "740", "count": 1424}, {"id": "92", "count": 1421}, {"id": "682", "count": 1407}, {"id": "433", "count": 1391}, {"id": "684", "count": 1389}, {"id": "567", "count": 1382}, {"id": "96", "count": 1379}, {"id": "646", "count": 1379}, {"id": "542", "count": 1372}, {"id": "521", "count": 1356}, {"id": "750", "count": 1355}, {"id": "745", "count": 1351}, {"id": "756", "count": 1335}, {"id": "655", "count": 1322}, {"id": "483", "count": 1311}, {"id": "680", "count": 1311}, {"id": "472", "count": 1300}, {"id": "727", "count": 1293}, {"id": "709", "count": 1286}, {"id": "656", "count": 1283}, {"id": "744", "count": 1281}, {"id": "446", "count": 1279}, {"id": "520", "count": 1278}, {"id": "731", "count": 1273}, {"id": "643", "count": 1270}, {"id": "545", "count": 1268}, {"id": "844", "count": 1263}, {"id": "185", "count": 1254}, {"id": "707", "count": 1251}, {"id": "176", "count": 1249}, {"id": "192", "count": 1249}, {"id": "757", "count": 1247}, {"id": "729", "count": 1246}, {"id": "181", "count": 1241}, {"id": "183", "count": 1238}, {"id": "657", "count": 1234}, {"id": "190", "count": 1229}, {"id": "187", "count": 1229}, {"id": "186", "count": 1227}, {"id": "492", "count": 1226}, {"id": "177", "count": 1225}, {"id": "189", "count": 1224}, {"id": "191", "count": 1222}, {"id": "178", "count": 1213}, {"id": "182", "count": 1211}, {"id": "701", "count": 1209}, {"id": "755", "count": 1206}, {"id": "180", "count": 1204}, {"id": "647", "count": 1203}, {"id": "184", "count": 1201}, {"id": "179", "count": 1187}, {"id": "547", "count": 1168}, {"id": "98", "count": 1168}, {"id": "747", "count": 1157}, {"id": "644", "count": 1153}, {"id": "673", "count": 1148}, {"id": "650", "count": 1147}, {"id": "730", "count": 1139}, {"id": "726", "count": 1136}, {"id": "536", "count": 1133}, {"id": "733", "count": 1132}, {"id": "499", "count": 1128}, {"id": "544", "count": 1126}, {"id": "584", "count": 1125}, {"id": "624", "count": 1124}, {"id": "732", "count": 1123}, {"id": "689", "count": 1123}, {"id": "743", "count": 1110}, {"id": "781", "count": 1109}, {"id": "456", "count": 1104}, {"id": "531", "count": 1103}, {"id": "444", "count": 1103}, {"id": "452", "count": 1102}, {"id": "437", "count": 1102}, {"id": "752", "count": 1096}, {"id": "241", "count": 1081}, {"id": "453", "count": 1078}, {"id": "269", "count": 1076}, {"id": "272", "count": 1073}, {"id": "284", "count": 1070}, {"id": "245", "count": 1070}, {"id": "322", "count": 1070}, {"id": "205", "count": 1063}, {"id": "735", "count": 1062}, {"id": "173", "count": 1062}, {"id": "275", "count": 1058}, {"id": "912", "count": 1056}, {"id": "296", "count": 1054}, {"id": "299", "count": 1053}, {"id": "435", "count": 1052}, {"id": "426", "count": 1052}, {"id": "278", "count": 1049}, {"id": "174", "count": 1042}, {"id": "625", "count": 1038}, {"id": "238", "count": 1037}, {"id": "240", "count": 1036}, {"id": "775", "count": 1036}, {"id": "276", "count": 1035}, {"id": "285", "count": 1035}, {"id": "277", "count": 1033}, {"id": "250", "count": 1033}, {"id": "268", "count": 1032}, {"id": "653", "count": 1024}, {"id": "216", "count": 1023}, {"id": "287", "count": 1020}, {"id": "711", "count": 1020}, {"id": "302", "count": 1019}, {"id": "330", "count": 1019}, {"id": "249", "count": 1018}, {"id": "266", "count": 1016}, {"id": "737", "count": 1014}, {"id": "239", "count": 1013}, {"id": "325", "count": 1013}, {"id": "340", "count": 1011}, {"id": "428", "count": 1007}, {"id": "497", "count": 1005}, {"id": "247", "count": 1003}, {"id": "436", "count": 1001}, {"id": "459", "count": 993}, {"id": "274", "count": 991}, {"id": "461", "count": 990}, {"id": "309", "count": 986}, {"id": "440", "count": 983}, {"id": "297", "count": 976}, {"id": "243", "count": 976}, {"id": "738", "count": 975}, {"id": "273", "count": 974}, {"id": "546", "count": 973}, {"id": "281", "count": 964}, {"id": "270", "count": 961}, {"id": "535", "count": 960}, {"id": "267", "count": 959}, {"id": "271", "count": 958}, {"id": "198", "count": 958}, {"id": "188", "count": 953}, {"id": "293", "count": 953}, {"id": "291", "count": 949}, {"id": "672", "count": 948}, {"id": "866", "count": 946}, {"id": "462", "count": 941}, {"id": "282", "count": 939}, {"id": "429", "count": 936}, {"id": "941", "count": 935}, {"id": "313", "count": 933}, {"id": "496", "count": 933}, {"id": "749", "count": 929}, {"id": "218", "count": 924}, {"id": "320", "count": 922}, {"id": "676", "count": 922}, {"id": "334", "count": 917}, {"id": "208", "count": 916}, {"id": "681", "count": 916}, {"id": "703", "count": 913}, {"id": "219", "count": 912}, {"id": "311", "count": 909}, {"id": "331", "count": 907}, {"id": "519", "count": 907}, {"id": "332", "count": 903}, {"id": "314", "count": 903}, {"id": "217", "count": 898}, {"id": "434", "count": 897}, {"id": "425", "count": 896}, {"id": "759", "count": 894}, {"id": "283", "count": 885}, {"id": "210", "count": 884}, {"id": "317", "count": 881}, {"id": "569", "count": 880}, {"id": "463", "count": 877}, {"id": "451", "count": 873}, {"id": "244", "count": 872}, {"id": "318", "count": 871}, {"id": "319", "count": 868}, {"id": "315", "count": 864}, {"id": "209", "count": 863}, {"id": "786", "count": 857}, {"id": "280", "count": 852}, {"id": "708", "count": 851}, {"id": "329", "count": 847}, {"id": "455", "count": 847}, {"id": "450", "count": 845}, {"id": "242", "count": 843}, {"id": "376", "count": 840}, {"id": "203", "count": 839}, {"id": "592", "count": 836}, {"id": "286", "count": 833}, {"id": "169", "count": 832}, {"id": "728", "count": 823}, {"id": "457", "count": 821}, {"id": "246", "count": 819}, {"id": "460", "count": 818}, {"id": "430", "count": 818}, {"id": "447", "count": 817}, {"id": "279", "count": 814}, {"id": "336", "count": 811}, {"id": "471", "count": 806}, {"id": "441", "count": 801}, {"id": "667", "count": 799}, {"id": "171", "count": 796}, {"id": "431", "count": 796}, {"id": "432", "count": 790}, {"id": "783", "count": 789}, {"id": "375", "count": 785}, {"id": "470", "count": 783}, {"id": "445", "count": 783}, {"id": "170", "count": 782}, {"id": "685", "count": 776}, {"id": "220", "count": 774}, {"id": "448", "count": 774}, {"id": "298", "count": 771}, {"id": "199", "count": 771}, {"id": "570", "count": 769}, {"id": "678", "count": 766}, {"id": "265", "count": 765}, {"id": "645", "count": 762}, {"id": "439", "count": 762}, {"id": "221", "count": 759}, {"id": "575", "count": 758}, {"id": "442", "count": 752}, {"id": "651", "count": 749}, {"id": "323", "count": 743}, {"id": "661", "count": 732}, {"id": "316", "count": 721}, {"id": "335", "count": 717}, {"id": "207", "count": 715}, {"id": "533", "count": 714}, {"id": "626", "count": 708}, {"id": "458", "count": 706}, {"id": "255", "count": 705}, {"id": "202", "count": 703}, {"id": "254", "count": 703}, {"id": "300", "count": 701}, {"id": "251", "count": 701}, {"id": "466", "count": 698}, {"id": "310", "count": 697}, {"id": "805", "count": 696}, {"id": "649", "count": 696}, {"id": "553", "count": 694}, {"id": "662", "count": 694}, {"id": "686", "count": 688}, {"id": "449", "count": 687}, {"id": "233", "count": 686}, {"id": "443", "count": 685}, {"id": "234", "count": 684}, {"id": "206", "count": 682}, {"id": "236", "count": 682}, {"id": "763", "count": 682}, {"id": "760", "count": 681}, {"id": "764", "count": 681}, {"id": "252", "count": 681}, {"id": "237", "count": 680}, {"id": "762", "count": 679}, {"id": "679", "count": 679}, {"id": "495", "count": 678}, {"id": "768", "count": 676}, {"id": "597", "count": 675}, {"id": "596", "count": 673}, {"id": "175", "count": 672}, {"id": "333", "count": 665}, {"id": "438", "count": 665}, {"id": "326", "count": 664}, {"id": "769", "count": 663}, {"id": "525", "count": 663}, {"id": "328", "count": 662}, {"id": "337", "count": 661}, {"id": "777", "count": 658}, {"id": "493", "count": 658}, {"id": "339", "count": 656}, {"id": "491", "count": 653}, {"id": "568", "count": 649}, {"id": "421", "count": 646}, {"id": "761", "count": 641}, {"id": "572", "count": 639}, {"id": "420", "count": 638}, {"id": "565", "count": 638}, {"id": "767", "count": 637}, {"id": "765", "count": 637}, {"id": "766", "count": 637}, {"id": "341", "count": 634}, {"id": "573", "count": 634}, {"id": "574", "count": 634}, {"id": "327", "count": 633}, {"id": "359", "count": 633}, {"id": "235", "count": 629}, {"id": "671", "count": 629}, {"id": "857", "count": 619}, {"id": "344", "count": 618}, {"id": "289", "count": 615}, {"id": "292", "count": 612}, {"id": "498", "count": 611}, {"id": "312", "count": 605}, {"id": "253", "count": 602}, {"id": "670", "count": 602}, {"id": "257", "count": 599}, {"id": "256", "count": 598}, {"id": "258", "count": 597}, {"id": "200", "count": 594}, {"id": "321", "count": 592}, {"id": "905", "count": 591}, {"id": "374", "count": 590}, {"id": "571", "count": 586}, {"id": "195", "count": 575}, {"id": "201", "count": 572}, {"id": "773", "count": 569}, {"id": "345", "count": 564}, {"id": "196", "count": 563}, {"id": "856", "count": 563}, {"id": "197", "count": 561}, {"id": "342", "count": 561}, {"id": "794", "count": 561}, {"id": "290", "count": 557}, {"id": "338", "count": 552}, {"id": "465", "count": 551}, {"id": "658", "count": 550}, {"id": "343", "count": 549}, {"id": "354", "count": 548}, {"id": "357", "count": 547}, {"id": "550", "count": 545}, {"id": "723", "count": 544}, {"id": "663", "count": 544}, {"id": "424", "count": 543}, {"id": "494", "count": 536}, {"id": "204", "count": 532}, {"id": "469", "count": 528}, {"id": "867", "count": 518}, {"id": "806", "count": 502}, {"id": "534", "count": 494}, {"id": "809", "count": 463}, {"id": "654", "count": 457}, {"id": "785", "count": 451}, {"id": "776", "count": 451}, {"id": "779", "count": 451}, {"id": "778", "count": 451}, {"id": "784", "count": 450}, {"id": "780", "count": 450}, {"id": "564", "count": 449}, {"id": "722", "count": 446}, {"id": "349", "count": 431}, {"id": "350", "count": 430}, {"id": "351", "count": 427}, {"id": "503", "count": 417}, {"id": "353", "count": 413}, {"id": "352", "count": 413}, {"id": "355", "count": 412}, {"id": "358", "count": 412}, {"id": "502", "count": 411}, {"id": "356", "count": 411}, {"id": "500", "count": 405}, {"id": "501", "count": 403}, {"id": "924", "count": 400}, {"id": "294", "count": 398}, {"id": "468", "count": 397}, {"id": "772", "count": 389}, {"id": "771", "count": 389}, {"id": "770", "count": 387}, {"id": "683", "count": 385}, {"id": "989", "count": 383}, {"id": "552", "count": 375}, {"id": "551", "count": 374}, {"id": "530", "count": 374}, {"id": "347", "count": 372}, {"id": "637", "count": 370}, {"id": "324", "count": 367}, {"id": "960", "count": 364}, {"id": "959", "count": 364}, {"id": "958", "count": 364}, {"id": "956", "count": 364}, {"id": "957", "count": 364}, {"id": "688", "count": 363}, {"id": "393", "count": 360}, {"id": "391", "count": 360}, {"id": "390", "count": 360}, {"id": "388", "count": 360}, {"id": "387", "count": 360}, {"id": "386", "count": 360}, {"id": "385", "count": 360}, {"id": "384", "count": 360}, {"id": "392", "count": 360}, {"id": "389", "count": 359}, {"id": "641", "count": 353}, {"id": "632", "count": 353}, {"id": "648", "count": 352}, {"id": "952", "count": 352}, {"id": "819", "count": 352}, {"id": "810", "count": 350}, {"id": "793", "count": 337}, {"id": "972", "count": 328}, {"id": "973", "count": 328}, {"id": "652", "count": 328}, {"id": "842", "count": 327}, {"id": "724", "count": 326}, {"id": "378", "count": 323}, {"id": "843", "count": 321}, {"id": "248", "count": 320}, {"id": "687", "count": 316}, {"id": "817", "count": 312}, {"id": "303", "count": 309}, {"id": "818", "count": 308}, {"id": "304", "count": 304}, {"id": "690", "count": 302}, {"id": "674", "count": 300}, {"id": "554", "count": 299}, {"id": "555", "count": 299}, {"id": "556", "count": 299}, {"id": "558", "count": 298}, {"id": "559", "count": 298}, {"id": "307", "count": 298}, {"id": "557", "count": 297}, {"id": "560", "count": 297}, {"id": "561", "count": 297}, {"id": "562", "count": 297}, {"id": "563", "count": 295}, {"id": "665", "count": 292}, {"id": "811", "count": 286}, {"id": "725", "count": 285}, {"id": "346", "count": 278}, {"id": "970", "count": 268}, {"id": "820", "count": 266}, {"id": "305", "count": 260}, {"id": "306", "count": 257}, {"id": "308", "count": 254}, {"id": "826", "count": 253}, {"id": "821", "count": 249}, {"id": "360", "count": 242}, {"id": "419", "count": 242}, {"id": "361", "count": 239}, {"id": "846", "count": 238}, {"id": "847", "count": 238}, {"id": "848", "count": 238}, {"id": "849", "count": 238}, {"id": "851", "count": 238}, {"id": "855", "count": 238}, {"id": "852", "count": 238}, {"id": "853", "count": 238}, {"id": "854", "count": 238}, {"id": "802", "count": 238}, {"id": "803", "count": 238}, {"id": "797", "count": 238}, {"id": "800", "count": 238}, {"id": "798", "count": 238}, {"id": "796", "count": 238}, {"id": "795", "count": 238}, {"id": "850", "count": 237}, {"id": "804", "count": 237}, {"id": "362", "count": 237}, {"id": "801", "count": 236}, {"id": "799", "count": 236}, {"id": "363", "count": 235}, {"id": "348", "count": 235}, {"id": "372", "count": 234}, {"id": "373", "count": 234}, {"id": "368", "count": 231}, {"id": "370", "count": 231}, {"id": "366", "count": 230}, {"id": "367", "count": 230}, {"id": "369", "count": 230}, {"id": "365", "count": 228}, {"id": "874", "count": 228}, {"id": "873", "count": 228}, {"id": "371", "count": 227}, {"id": "364", "count": 224}, {"id": "635", "count": 223}, {"id": "642", "count": 223}, {"id": "640", "count": 223}, {"id": "639", "count": 223}, {"id": "638", "count": 223}, {"id": "636", "count": 223}, {"id": "633", "count": 223}, {"id": "634", "count": 222}, {"id": "589", "count": 217}, {"id": "585", "count": 217}, {"id": "588", "count": 217}, {"id": "587", "count": 217}, {"id": "586", "count": 217}, {"id": "413", "count": 216}, {"id": "414", "count": 216}, {"id": "836", "count": 209}, {"id": "699", "count": 208}, {"id": "698", "count": 208}, {"id": "858", "count": 203}, {"id": "377", "count": 203}, {"id": "861", "count": 202}, {"id": "859", "count": 201}, {"id": "951", "count": 200}, {"id": "975", "count": 199}, {"id": "864", "count": 198}, {"id": "288", "count": 195}, {"id": "467", "count": 190}, {"id": "913", "count": 189}, {"id": "832", "count": 186}, {"id": "1063", "count": 185}, {"id": "576", "count": 180}, {"id": "823", "count": 179}, {"id": "1010", "count": 179}, {"id": "830", "count": 178}, {"id": "1103", "count": 173}, {"id": "1104", "count": 173}, {"id": "1102", "count": 173}, {"id": "1105", "count": 173}, {"id": "1096", "count": 173}, {"id": "1097", "count": 173}, {"id": "1098", "count": 173}, {"id": "1101", "count": 173}, {"id": "1099", "count": 173}, {"id": "1100", "count": 173}, {"id": "860", "count": 171}, {"id": "862", "count": 169}, {"id": "863", "count": 168}, {"id": "839", "count": 168}, {"id": "1073", "count": 168}, {"id": "865", "count": 167}, {"id": "841", "count": 166}, {"id": "537", "count": 164}, {"id": "974", "count": 164}, {"id": "816", "count": 163}, {"id": "812", "count": 163}, {"id": "813", "count": 163}, {"id": "814", "count": 163}, {"id": "815", "count": 163}, {"id": "606", "count": 162}, {"id": "827", "count": 160}, {"id": "415", "count": 160}, {"id": "416", "count": 160}, {"id": "417", "count": 160}, {"id": "295", "count": 159}, {"id": "976", "count": 157}, {"id": "824", "count": 157}, {"id": "825", "count": 157}, {"id": "259", "count": 144}, {"id": "260", "count": 144}, {"id": "840", "count": 144}, {"id": "261", "count": 143}, {"id": "262", "count": 143}, {"id": "264", "count": 143}, {"id": "834", "count": 143}, {"id": "263", "count": 142}, {"id": "399", "count": 141}, {"id": "408", "count": 131}, {"id": "931", "count": 130}, {"id": "930", "count": 130}, {"id": "929", "count": 130}, {"id": "620", "count": 129}, {"id": "618", "count": 129}, {"id": "622", "count": 129}, {"id": "623", "count": 129}, {"id": "617", "count": 129}, {"id": "619", "count": 129}, {"id": "621", "count": 129}, {"id": "892", "count": 129}, {"id": "899", "count": 129}, {"id": "891", "count": 129}, {"id": "884", "count": 129}, {"id": "896", "count": 129}, {"id": "897", "count": 129}, {"id": "887", "count": 129}, {"id": "883", "count": 129}, {"id": "885", "count": 129}, {"id": "889", "count": 129}, {"id": "902", "count": 129}, {"id": "898", "count": 129}, {"id": "890", "count": 129}, {"id": "886", "count": 129}, {"id": "894", "count": 129}, {"id": "882", "count": 129}, {"id": "893", "count": 129}, {"id": "900", "count": 129}, {"id": "888", "count": 129}, {"id": "901", "count": 129}, {"id": "895", "count": 129}, {"id": "1012", "count": 128}, {"id": "1011", "count": 128}, {"id": "822", "count": 125}, {"id": "1007", "count": 125}, {"id": "1107", "count": 124}, {"id": "1032", "count": 123}, {"id": "1034", "count": 123}, {"id": "691", "count": 123}, {"id": "1108", "count": 122}, {"id": "1033", "count": 122}, {"id": "1035", "count": 122}, {"id": "710", "count": 122}, {"id": "878", "count": 120}, {"id": "581", "count": 117}, {"id": "700", "count": 116}, {"id": "961", "count": 115}, {"id": "215", "count": 114}, {"id": "214", "count": 114}, {"id": "213", "count": 114}, {"id": "212", "count": 114}, {"id": "211", "count": 114}, {"id": "692", "count": 114}, {"id": "693", "count": 114}, {"id": "694", "count": 114}, {"id": "695", "count": 114}, {"id": "787", "count": 114}, {"id": "933", "count": 113}, {"id": "934", "count": 113}, {"id": "935", "count": 113}, {"id": "937", "count": 113}, {"id": "936", "count": 113}, {"id": "927", "count": 113}, {"id": "928", "count": 113}, {"id": "718", "count": 111}, {"id": "717", "count": 111}, {"id": "716", "count": 111}, {"id": "715", "count": 111}, {"id": "714", "count": 111}, {"id": "713", "count": 111}, {"id": "720", "count": 111}, {"id": "719", "count": 111}, {"id": "721", "count": 111}, {"id": "955", "count": 109}, {"id": "925", "count": 108}, {"id": "1065", "count": 108}, {"id": "1064", "count": 108}, {"id": "1062", "count": 108}, {"id": "1061", "count": 108}, {"id": "1060", "count": 108}, {"id": "1059", "count": 108}, {"id": "1066", "count": 108}, {"id": "828", "count": 106}, {"id": "837", "count": 105}, {"id": "838", "count": 105}, {"id": "1004", "count": 102}, {"id": "881", "count": 100}, {"id": "879", "count": 100}, {"id": "880", "count": 100}, {"id": "877", "count": 100}, {"id": "872", "count": 100}, {"id": "404", "count": 98}, {"id": "403", "count": 98}, {"id": "402", "count": 98}, {"id": "401", "count": 98}, {"id": "400", "count": 98}, {"id": "405", "count": 98}, {"id": "876", "count": 98}, {"id": "875", "count": 98}, {"id": "409", "count": 97}, {"id": "407", "count": 97}, {"id": "406", "count": 97}, {"id": "829", "count": 96}, {"id": "790", "count": 93}, {"id": "791", "count": 90}, {"id": "932", "count": 90}, {"id": "1030", "count": 86}, {"id": "845", "count": 86}, {"id": "504", "count": 86}, {"id": "505", "count": 86}, {"id": "506", "count": 86}, {"id": "507", "count": 86}, {"id": "508", "count": 86}, {"id": "509", "count": 86}, {"id": "512", "count": 86}, {"id": "513", "count": 86}, {"id": "514", "count": 86}, {"id": "515", "count": 86}, {"id": "516", "count": 86}, {"id": "517", "count": 86}, {"id": "518", "count": 86}, {"id": "607", "count": 85}, {"id": "907", "count": 84}, {"id": "908", "count": 84}, {"id": "909", "count": 84}, {"id": "1106", "count": 84}, {"id": "792", "count": 84}, {"id": "868", "count": 83}, {"id": "628", "count": 82}, {"id": "629", "count": 82}, {"id": "477", "count": 82}, {"id": "473", "count": 82}, {"id": "475", "count": 82}, {"id": "474", "count": 82}, {"id": "476", "count": 82}, {"id": "1109", "count": 82}, {"id": "906", "count": 82}, {"id": "871", "count": 82}, {"id": "788", "count": 82}, {"id": "869", "count": 81}, {"id": "870", "count": 81}, {"id": "479", "count": 81}, {"id": "478", "count": 80}, {"id": "1050", "count": 80}, {"id": "1110", "count": 79}, {"id": "789", "count": 76}, {"id": "1013", "count": 76}, {"id": "578", "count": 71}, {"id": "579", "count": 71}, {"id": "580", "count": 71}, {"id": "582", "count": 71}, {"id": "583", "count": 71}, {"id": "577", "count": 71}, {"id": "807", "count": 69}, {"id": "808", "count": 69}, {"id": "1005", "count": 69}, {"id": "1006", "count": 69}, {"id": "1008", "count": 69}, {"id": "1111", "count": 67}, {"id": "1138", "count": 67}, {"id": "1113", "count": 66}, {"id": "1112", "count": 65}, {"id": "1091", "count": 64}, {"id": "1088", "count": 63}, {"id": "1086", "count": 63}, {"id": "1023", "count": 63}, {"id": "1087", "count": 62}, {"id": "1075", "count": 62}, {"id": "538", "count": 62}, {"id": "910", "count": 61}, {"id": "1028", "count": 61}, {"id": "1070", "count": 60}, {"id": "1027", "count": 60}, {"id": "1083", "count": 59}, {"id": "911", "count": 59}, {"id": "1069", "count": 59}, {"id": "1076", "count": 59}, {"id": "1080", "count": 58}, {"id": "1143", "count": 58}, {"id": "1068", "count": 58}, {"id": "1026", "count": 58}, {"id": "1078", "count": 58}, {"id": "1117", "count": 57}, {"id": "1071", "count": 57}, {"id": "1139", "count": 57}, {"id": "1079", "count": 57}, {"id": "1084", "count": 57}, {"id": "982", "count": 56}, {"id": "988", "count": 56}, {"id": "983", "count": 56}, {"id": "782", "count": 56}, {"id": "774", "count": 56}, {"id": "1145", "count": 56}, {"id": "1125", "count": 56}, {"id": "1077", "count": 56}, {"id": "1127", "count": 55}, {"id": "1126", "count": 55}, {"id": "1128", "count": 55}, {"id": "1129", "count": 55}, {"id": "1025", "count": 55}, {"id": "904", "count": 54}, {"id": "903", "count": 54}, {"id": "1089", "count": 54}, {"id": "1092", "count": 53}, {"id": "1038", "count": 53}, {"id": "1090", "count": 53}, {"id": "510", "count": 52}, {"id": "511", "count": 52}, {"id": "1114", "count": 51}, {"id": "1081", "count": 51}, {"id": "1043", "count": 51}, {"id": "1045", "count": 51}, {"id": "1058", "count": 51}, {"id": "1067", "count": 51}, {"id": "1094", "count": 50}, {"id": "1093", "count": 50}, {"id": "1095", "count": 50}, {"id": "1044", "count": 50}, {"id": "1039", "count": 50}, {"id": "1141", "count": 49}, {"id": "1144", "count": 49}, {"id": "1040", "count": 49}, {"id": "914", "count": 48}, {"id": "1074", "count": 48}, {"id": "1082", "count": 48}, {"id": "1019", "count": 47}, {"id": "1020", "count": 47}, {"id": "1118", "count": 47}, {"id": "1085", "count": 47}, {"id": "916", "count": 47}, {"id": "915", "count": 47}, {"id": "963", "count": 47}, {"id": "1142", "count": 47}, {"id": "1120", "count": 46}, {"id": "1116", "count": 46}, {"id": "969", "count": 46}, {"id": "967", "count": 46}, {"id": "966", "count": 46}, {"id": "965", "count": 46}, {"id": "964", "count": 46}, {"id": "968", "count": 46}, {"id": "1031", "count": 45}, {"id": "1146", "count": 43}, {"id": "971", "count": 43}, {"id": "946", "count": 42}, {"id": "1029", "count": 42}, {"id": "1072", "count": 42}, {"id": "1137", "count": 42}, {"id": "984", "count": 42}, {"id": "985", "count": 42}, {"id": "986", "count": 42}, {"id": "987", "count": 42}, {"id": "1130", "count": 40}, {"id": "1135", "count": 40}, {"id": "1136", "count": 40}, {"id": "1133", "count": 40}, {"id": "1131", "count": 40}, {"id": "1132", "count": 40}, {"id": "1134", "count": 40}, {"id": "1046", "count": 40}, {"id": "1115", "count": 40}, {"id": "1147", "count": 40}, {"id": "1024", "count": 39}, {"id": "1119", "count": 38}, {"id": "1015", "count": 37}, {"id": "1016", "count": 37}, {"id": "1018", "count": 37}, {"id": "1014", "count": 37}, {"id": "1037", "count": 37}, {"id": "627", "count": 36}, {"id": "1140", "count": 36}, {"id": "1036", "count": 36}, {"id": "1121", "count": 35}, {"id": "918", "count": 35}, {"id": "947", "count": 35}, {"id": "944", "count": 35}, {"id": "943", "count": 35}, {"id": "945", "count": 35}, {"id": "1042", "count": 35}, {"id": "962", "count": 34}, {"id": "712", "count": 32}, {"id": "605", "count": 32}, {"id": "604", "count": 32}, {"id": "603", "count": 32}, {"id": "601", "count": 32}, {"id": "600", "count": 32}, {"id": "1041", "count": 32}, {"id": "942", "count": 31}, {"id": "602", "count": 31}, {"id": "599", "count": 31}, {"id": "1055", "count": 30}, {"id": "1057", "count": 30}, {"id": "1056", "count": 30}, {"id": "1122", "count": 29}, {"id": "1000", "count": 29}, {"id": "1001", "count": 29}, {"id": "1002", "count": 29}, {"id": "1003", "count": 29}, {"id": "1009", "count": 28}, {"id": "996", "count": 22}, {"id": "990", "count": 22}, {"id": "991", "count": 22}, {"id": "992", "count": 22}, {"id": "993", "count": 22}, {"id": "994", "count": 22}, {"id": "995", "count": 22}, {"id": "997", "count": 22}, {"id": "998", "count": 22}, {"id": "999", "count": 22}, {"id": "1017", "count": 21}, {"id": "833", "count": 20}, {"id": "395", "count": 20}, {"id": "396", "count": 20}, {"id": "1054", "count": 19}, {"id": "1052", "count": 19}, {"id": "1051", "count": 19}, {"id": "1053", "count": 19}, {"id": "1022", "count": 19}, {"id": "1021", "count": 19}, {"id": "921", "count": 19}, {"id": "922", "count": 19}, {"id": "923", "count": 19}, {"id": "398", "count": 18}, {"id": "1124", "count": 17}, {"id": "1123", "count": 17}, {"id": "917", "count": 17}, {"id": "919", "count": 17}, {"id": "920", "count": 17}, {"id": "397", "count": 17}, {"id": "1148", "count": 16}, {"id": "1049", "count": 15}, {"id": "1047", "count": 15}, {"id": "1048", "count": 15}, {"id": "953", "count": 15}, {"id": "480", "count": 14}, {"id": "831", "count": 14}, {"id": "940", "count": 9}, {"id": "938", "count": 9}, {"id": "939", "count": 8}, {"id": "926", "count": 7}, {"id": "977", "count": 3}, {"id": "978", "count": 3}, {"id": "979", "count": 3}, {"id": "980", "count": 3}, {"id": "981", "count": 3}, {"id": "948", "count": 3}, {"id": "949", "count": 2}, {"id": "950", "count": 2}, {"id": "835", "count": 1}]