[{"id": "4", "count": 132154}, {"id": "21", "count": 104383}, {"id": "6", "count": 102843}, {"id": "36", "count": 68679}, {"id": "1", "count": 58282}, {"id": "111", "count": 49319}, {"id": "56", "count": 46080}, {"id": "19", "count": 45725}, {"id": "37", "count": 43240}, {"id": "12", "count": 41627}, {"id": "2", "count": 40526}, {"id": "49", "count": 39462}, {"id": "3", "count": 32051}, {"id": "83", "count": 31566}, {"id": "17", "count": 25712}, {"id": "24", "count": 24769}, {"id": "0", "count": 24359}, {"id": "42", "count": 22135}, {"id": "47", "count": 21684}, {"id": "29", "count": 21183}, {"id": "44", "count": 20485}, {"id": "72", "count": 20444}, {"id": "75", "count": 19871}, {"id": "27", "count": 18665}, {"id": "53", "count": 18484}, {"id": "16", "count": 17783}, {"id": "8", "count": 17337}, {"id": "32", "count": 17329}, {"id": "13", "count": 16908}, {"id": "60", "count": 16869}, {"id": "18", "count": 16824}, {"id": "92", "count": 15923}, {"id": "106", "count": 15898}, {"id": "33", "count": 15304}, {"id": "10", "count": 15301}, {"id": "26", "count": 15233}, {"id": "14", "count": 14816}, {"id": "101", "count": 14662}, {"id": "82", "count": 14601}, {"id": "11", "count": 14368}, {"id": "66", "count": 14335}, {"id": "65", "count": 13991}, {"id": "41", "count": 13966}, {"id": "39", "count": 13889}, {"id": "59", "count": 13787}, {"id": "35", "count": 13639}, {"id": "110", "count": 13423}, {"id": "69", "count": 13256}, {"id": "7", "count": 12789}, {"id": "9", "count": 12180}, {"id": "31", "count": 12037}, {"id": "28", "count": 11960}, {"id": "64", "count": 11906}, {"id": "79", "count": 11181}, {"id": "67", "count": 10629}, {"id": "58", "count": 10547}, {"id": "48", "count": 10511}, {"id": "40", "count": 10384}, {"id": "38", "count": 9871}, {"id": "89", "count": 9661}, {"id": "73", "count": 9394}, {"id": "118", "count": 9043}, {"id": "43", "count": 9035}, {"id": "84", "count": 9030}, {"id": "93", "count": 8763}, {"id": "46", "count": 8735}, {"id": "80", "count": 8308}, {"id": "76", "count": 8284}, {"id": "34", "count": 7792}, {"id": "102", "count": 7720}, {"id": "104", "count": 7446}, {"id": "77", "count": 6843}, {"id": "50", "count": 6636}, {"id": "45", "count": 6570}, {"id": "156", "count": 6312}, {"id": "57", "count": 6308}, {"id": "87", "count": 5935}, {"id": "51", "count": 5523}, {"id": "134", "count": 5483}, {"id": "25", "count": 5294}, {"id": "138", "count": 5131}, {"id": "96", "count": 5072}, {"id": "133", "count": 5068}, {"id": "117", "count": 4900}, {"id": "91", "count": 4894}, {"id": "23", "count": 4731}, {"id": "108", "count": 4600}, {"id": "114", "count": 4585}, {"id": "5", "count": 4573}, {"id": "128", "count": 4562}, {"id": "120", "count": 4482}, {"id": "140", "count": 4430}, {"id": "70", "count": 4359}, {"id": "129", "count": 4235}, {"id": "135", "count": 4098}, {"id": "154", "count": 4079}, {"id": "151", "count": 4070}, {"id": "22", "count": 3689}, {"id": "126", "count": 3589}, {"id": "71", "count": 3588}, {"id": "144", "count": 2940}, {"id": "81", "count": 2649}, {"id": "15", "count": 2548}, {"id": "98", "count": 2542}, {"id": "137", "count": 2533}, {"id": "95", "count": 2323}, {"id": "78", "count": 2149}, {"id": "112", "count": 2147}, {"id": "153", "count": 2144}, {"id": "63", "count": 2074}, {"id": "142", "count": 2065}, {"id": "155", "count": 2043}, {"id": "61", "count": 1895}, {"id": "20", "count": 1882}, {"id": "121", "count": 1876}, {"id": "105", "count": 1777}, {"id": "55", "count": 1775}, {"id": "141", "count": 1760}, {"id": "90", "count": 1708}, {"id": "62", "count": 1684}, {"id": "125", "count": 1662}, {"id": "109", "count": 1646}, {"id": "99", "count": 1500}, {"id": "100", "count": 1493}, {"id": "127", "count": 1407}, {"id": "180", "count": 1354}, {"id": "149", "count": 1256}, {"id": "184", "count": 1230}, {"id": "30", "count": 1218}, {"id": "68", "count": 1200}, {"id": "165", "count": 1137}, {"id": "146", "count": 1111}, {"id": "168", "count": 1004}, {"id": "167", "count": 990}, {"id": "160", "count": 967}, {"id": "107", "count": 825}, {"id": "136", "count": 777}, {"id": "207", "count": 738}, {"id": "147", "count": 690}, {"id": "172", "count": 673}, {"id": "163", "count": 671}, {"id": "52", "count": 641}, {"id": "194", "count": 600}, {"id": "139", "count": 561}, {"id": "202", "count": 546}, {"id": "170", "count": 520}, {"id": "169", "count": 475}, {"id": "157", "count": 469}, {"id": "145", "count": 466}, {"id": "119", "count": 465}, {"id": "177", "count": 456}, {"id": "210", "count": 448}, {"id": "54", "count": 447}, {"id": "179", "count": 441}, {"id": "115", "count": 440}, {"id": "186", "count": 433}, {"id": "204", "count": 425}, {"id": "88", "count": 424}, {"id": "123", "count": 414}, {"id": "209", "count": 411}, {"id": "152", "count": 403}, {"id": "188", "count": 373}, {"id": "161", "count": 365}, {"id": "103", "count": 360}, {"id": "218", "count": 360}, {"id": "178", "count": 358}, {"id": "182", "count": 346}, {"id": "211", "count": 345}, {"id": "94", "count": 343}, {"id": "189", "count": 342}, {"id": "190", "count": 338}, {"id": "183", "count": 334}, {"id": "131", "count": 331}, {"id": "159", "count": 326}, {"id": "122", "count": 326}, {"id": "86", "count": 326}, {"id": "174", "count": 305}, {"id": "191", "count": 304}, {"id": "97", "count": 304}, {"id": "162", "count": 301}, {"id": "233", "count": 301}, {"id": "130", "count": 301}, {"id": "205", "count": 293}, {"id": "185", "count": 280}, {"id": "116", "count": 276}, {"id": "196", "count": 273}, {"id": "208", "count": 268}, {"id": "150", "count": 245}, {"id": "143", "count": 240}, {"id": "219", "count": 235}, {"id": "158", "count": 234}, {"id": "195", "count": 231}, {"id": "132", "count": 224}, {"id": "187", "count": 224}, {"id": "220", "count": 215}, {"id": "192", "count": 198}, {"id": "124", "count": 187}, {"id": "222", "count": 185}, {"id": "199", "count": 185}, {"id": "238", "count": 184}, {"id": "175", "count": 182}, {"id": "241", "count": 172}, {"id": "227", "count": 170}, {"id": "148", "count": 159}, {"id": "85", "count": 155}, {"id": "181", "count": 155}, {"id": "173", "count": 150}, {"id": "113", "count": 143}, {"id": "176", "count": 131}, {"id": "74", "count": 127}, {"id": "206", "count": 115}, {"id": "214", "count": 110}, {"id": "221", "count": 110}, {"id": "193", "count": 101}, {"id": "225", "count": 96}, {"id": "226", "count": 94}, {"id": "237", "count": 78}, {"id": "216", "count": 70}, {"id": "232", "count": 63}, {"id": "248", "count": 58}, {"id": "217", "count": 49}, {"id": "236", "count": 45}, {"id": "212", "count": 42}, {"id": "197", "count": 42}, {"id": "215", "count": 42}, {"id": "228", "count": 41}, {"id": "249", "count": 40}, {"id": "201", "count": 40}, {"id": "231", "count": 40}, {"id": "234", "count": 39}, {"id": "235", "count": 38}, {"id": "171", "count": 38}, {"id": "200", "count": 36}, {"id": "246", "count": 36}, {"id": "251", "count": 35}, {"id": "245", "count": 35}, {"id": "240", "count": 34}, {"id": "230", "count": 34}, {"id": "243", "count": 32}, {"id": "213", "count": 31}, {"id": "253", "count": 30}, {"id": "250", "count": 29}, {"id": "244", "count": 28}, {"id": "164", "count": 28}, {"id": "254", "count": 28}, {"id": "255", "count": 26}, {"id": "198", "count": 26}, {"id": "166", "count": 25}, {"id": "247", "count": 25}, {"id": "223", "count": 25}, {"id": "229", "count": 25}, {"id": "203", "count": 25}, {"id": "257", "count": 24}, {"id": "242", "count": 20}, {"id": "239", "count": 20}, {"id": "252", "count": 14}, {"id": "224", "count": 12}, {"id": "258", "count": 4}, {"id": "261", "count": 4}, {"id": "256", "count": 3}, {"id": "259", "count": 3}, {"id": "262", "count": 3}, {"id": "260", "count": 3}, {"id": "264", "count": 3}, {"id": "263", "count": 1}]