{
    "70": 0,
    "4": 1,
    "10": 2,
    "99": 3,
    "308": 4,
    "324": 5,
    "64": 6,
    "340": 7,
    "27": 8,
    "350": 9,
    "34": 10,
    "39": 11,
    "365": 12,
    "190": 13,
    "76": 14,
    "54": 15,
    "221": 16,
    "301": 17,
    "331": 18,
    "163": 19,
    "293": 20,
    "104": 21,
    "67": 22,
    "292": 23,
    "317": 24,
    "21": 25,
    "77": 26,
    "299": 27,
    "303": 28,
    "8": 29,
    "276": 30,
    "53": 31,
    "92": 32,
    "91": 33,
    "15": 34,
    "75": 35,
    "280": 36,
    "310": 37,
    "110": 38,
    "314": 39,
    "307": 40,
    "295": 41,
    "166": 42,
    "362": 43,
    "84": 44,
    "14": 45,
    "58": 46,
    "1": 47,
    "309": 48,
    "371": 49,
    "81": 50,
    "17": 51,
    "18": 52,
    "32": 53,
    "63": 54,
    "79": 55,
    "49": 56,
    "312": 57,
    "334": 58,
    "51": 59,
    "311": 60,
    "48": 61,
    "2": 62,
    "323": 63,
    "356": 64,
    "86": 65,
    "294": 66,
    "378": 67,
    "43": 68,
    "346": 69,
    "37": 70,
    "74": 71,
    "82": 72,
    "204": 73,
    "101": 74,
    "11": 75,
    "97": 76,
    "85": 77,
    "333": 78,
    "279": 79,
    "50": 80,
    "69": 81,
    "297": 82,
    "102": 83,
    "193": 84,
    "296": 85,
    "367": 86,
    "40": 87,
    "24": 88,
    "348": 89,
    "42": 90,
    "35": 91,
    "96": 92,
    "105": 93,
    "22": 94,
    "325": 95,
    "203": 96,
    "94": 97,
    "25": 98,
    "278": 99,
    "83": 100,
    "16": 101,
    "321": 102,
    "290": 103,
    "13": 104,
    "47": 105,
    "80": 106,
    "165": 107,
    "217": 108,
    "368": 109,
    "9": 110,
    "277": 111,
    "65": 112,
    "343": 113,
    "322": 114,
    "173": 115,
    "5": 116,
    "46": 117,
    "375": 118,
    "12": 119,
    "61": 120,
    "298": 121,
    "26": 122,
    "10_12": 123,
    "1_13": 124,
    "63_75": 125,
    "9_13": 126,
    "27_321": 127,
    "74_92": 128,
    "49_50": 129,
    "34_81": 130,
    "5_375": 131,
    "46_79": 132,
    "10_64": 133,
    "21_22": 134,
    "10_58": 135,
    "1_15": 136,
    "34_69": 137,
    "35_46": 138,
    "16_17": 139,
    "58_85": 140,
    "34_278": 141,
    "92_323": 142,
    "9_14": 143,
    "9_15": 144,
    "9_12": 145,
    "10_14": 146,
    "10_15": 147,
    "10_104": 148,
    "74_85": 149,
    "5_102": 150,
    "11_70": 151,
    "10_13": 152,
    "10_18": 153,
    "2_70": 154,
    "292_293": 155,
    "24_46": 156,
    "2_48_79": 157,
    "97_99_105": 158,
    "2_37_70": 159,
    "48_63_79": 160,
    "2_37_48": 161,
    "51_53_75": 162,
    "48_63_70_79": 163,
    "47_63_70_77": 164,
    "2_37_48_77": 165,
    "173_190_193_221": 166
}