[{"id": "46", "count": 13208}, {"id": "76", "count": 11747}, {"id": "49", "count": 10221}, {"id": "44", "count": 9614}, {"id": "107", "count": 8883}, {"id": "109", "count": 7302}, {"id": "83", "count": 6552}, {"id": "64", "count": 5161}, {"id": "165", "count": 4797}, {"id": "159", "count": 4738}, {"id": "143", "count": 3705}, {"id": "73", "count": 3672}, {"id": "120", "count": 3261}, {"id": "119", "count": 3255}, {"id": "85", "count": 3206}, {"id": "217", "count": 3090}, {"id": "155", "count": 3036}, {"id": "34", "count": 3035}, {"id": "23", "count": 2864}, {"id": "74", "count": 2858}, {"id": "181", "count": 2837}, {"id": "48", "count": 2782}, {"id": "103", "count": 2755}, {"id": "92", "count": 2733}, {"id": "174", "count": 2697}, {"id": "123", "count": 2642}, {"id": "37", "count": 2625}, {"id": "19", "count": 2601}, {"id": "134", "count": 2577}, {"id": "183", "count": 2557}, {"id": "9", "count": 2544}, {"id": "93", "count": 2497}, {"id": "60", "count": 2396}, {"id": "139", "count": 2395}, {"id": "108", "count": 2256}, {"id": "15", "count": 2207}, {"id": "179", "count": 2200}, {"id": "121", "count": 2186}, {"id": "66", "count": 2145}, {"id": "172", "count": 2134}, {"id": "149", "count": 2124}, {"id": "137", "count": 2114}, {"id": "43", "count": 2089}, {"id": "157", "count": 2076}, {"id": "170", "count": 2041}, {"id": "640", "count": 2031}, {"id": "104", "count": 1963}, {"id": "14", "count": 1944}, {"id": "51", "count": 1896}, {"id": "105", "count": 1891}, {"id": "624", "count": 1862}, {"id": "2", "count": 1833}, {"id": "185", "count": 1818}, {"id": "118", "count": 1807}, {"id": "91", "count": 1756}, {"id": "503", "count": 1732}, {"id": "409", "count": 1710}, {"id": "147", "count": 1705}, {"id": "47", "count": 1687}, {"id": "40", "count": 1679}, {"id": "126", "count": 1643}, {"id": "267", "count": 1635}, {"id": "177", "count": 1604}, {"id": "71", "count": 1586}, {"id": "175", "count": 1559}, {"id": "54", "count": 1546}, {"id": "281", "count": 1502}, {"id": "162", "count": 1494}, {"id": "500", "count": 1485}, {"id": "579", "count": 1478}, {"id": "90", "count": 1466}, {"id": "428", "count": 1459}, {"id": "141", "count": 1456}, {"id": "7", "count": 1435}, {"id": "195", "count": 1398}, {"id": "563", "count": 1366}, {"id": "1", "count": 1358}, {"id": "264", "count": 1287}, {"id": "116", "count": 1279}, {"id": "1450", "count": 1205}, {"id": "664", "count": 1194}, {"id": "17", "count": 1181}, {"id": "300", "count": 1177}, {"id": "117", "count": 1169}, {"id": "45", "count": 1161}, {"id": "1085", "count": 1153}, {"id": "516", "count": 1139}, {"id": "1116", "count": 1121}, {"id": "213", "count": 1075}, {"id": "173", "count": 1057}, {"id": "56", "count": 942}, {"id": "0", "count": 899}, {"id": "367", "count": 890}, {"id": "593", "count": 879}, {"id": "273", "count": 877}, {"id": "696", "count": 876}, {"id": "468", "count": 876}, {"id": "219", "count": 855}, {"id": "550", "count": 845}, {"id": "562", "count": 837}, {"id": "408", "count": 836}, {"id": "436", "count": 811}, {"id": "556", "count": 811}, {"id": "618", "count": 808}, {"id": "660", "count": 804}, {"id": "497", "count": 797}, {"id": "900", "count": 789}, {"id": "790", "count": 785}, {"id": "383", "count": 777}, {"id": "363", "count": 777}, {"id": "763", "count": 773}, {"id": "595", "count": 757}, {"id": "1279", "count": 726}, {"id": "216", "count": 711}, {"id": "327", "count": 697}, {"id": "482", "count": 679}, {"id": "625", "count": 675}, {"id": "934", "count": 660}, {"id": "517", "count": 660}, {"id": "1090", "count": 657}, {"id": "248", "count": 657}, {"id": "609", "count": 650}, {"id": "750", "count": 650}, {"id": "1323", "count": 639}, {"id": "463", "count": 632}, {"id": "566", "count": 627}, {"id": "205", "count": 624}, {"id": "662", "count": 620}, {"id": "1289", "count": 619}, {"id": "755", "count": 615}, {"id": "344", "count": 614}, {"id": "991", "count": 613}, {"id": "138", "count": 611}, {"id": "745", "count": 610}, {"id": "592", "count": 604}, {"id": "862", "count": 600}, {"id": "357", "count": 599}, {"id": "1491", "count": 596}, {"id": "982", "count": 587}, {"id": "315", "count": 560}, {"id": "561", "count": 558}, {"id": "844", "count": 558}, {"id": "1140", "count": 544}, {"id": "877", "count": 540}, {"id": "1026", "count": 537}, {"id": "1029", "count": 530}, {"id": "957", "count": 516}, {"id": "1167", "count": 514}, {"id": "1362", "count": 505}, {"id": "690", "count": 503}, {"id": "536", "count": 489}, {"id": "693", "count": 485}, {"id": "1145", "count": 481}, {"id": "580", "count": 475}, {"id": "451", "count": 472}, {"id": "330", "count": 469}, {"id": "769", "count": 465}, {"id": "946", "count": 464}, {"id": "1022", "count": 457}, {"id": "253", "count": 456}, {"id": "962", "count": 455}, {"id": "598", "count": 443}, {"id": "586", "count": 438}, {"id": "1428", "count": 435}, {"id": "919", "count": 434}, {"id": "471", "count": 433}, {"id": "705", "count": 430}, {"id": "317", "count": 428}, {"id": "809", "count": 426}, {"id": "894", "count": 423}, {"id": "226", "count": 417}, {"id": "385", "count": 417}, {"id": "798", "count": 417}, {"id": "864", "count": 416}, {"id": "239", "count": 415}, {"id": "521", "count": 413}, {"id": "780", "count": 412}, {"id": "466", "count": 410}, {"id": "1421", "count": 408}, {"id": "212", "count": 403}, {"id": "825", "count": 402}, {"id": "1086", "count": 400}, {"id": "892", "count": 397}, {"id": "824", "count": 396}, {"id": "298", "count": 394}, {"id": "194", "count": 392}, {"id": "511", "count": 391}, {"id": "1530", "count": 384}, {"id": "259", "count": 384}, {"id": "955", "count": 383}, {"id": "806", "count": 383}, {"id": "1137", "count": 376}, {"id": "731", "count": 376}, {"id": "631", "count": 376}, {"id": "193", "count": 372}, {"id": "800", "count": 369}, {"id": "1529", "count": 368}, {"id": "543", "count": 362}, {"id": "238", "count": 362}, {"id": "1001", "count": 362}, {"id": "967", "count": 360}, {"id": "841", "count": 353}, {"id": "1423", "count": 351}, {"id": "734", "count": 349}, {"id": "1250", "count": 349}, {"id": "810", "count": 347}, {"id": "309", "count": 340}, {"id": "240", "count": 339}, {"id": "1213", "count": 338}, {"id": "1093", "count": 337}, {"id": "883", "count": 335}, {"id": "459", "count": 335}, {"id": "1391", "count": 334}, {"id": "299", "count": 333}, {"id": "1021", "count": 331}, {"id": "743", "count": 330}, {"id": "612", "count": 328}, {"id": "230", "count": 327}, {"id": "438", "count": 325}, {"id": "223", "count": 324}, {"id": "1079", "count": 321}, {"id": "325", "count": 316}, {"id": "1218", "count": 315}, {"id": "1024", "count": 314}, {"id": "1457", "count": 314}, {"id": "578", "count": 313}, {"id": "656", "count": 311}, {"id": "910", "count": 310}, {"id": "851", "count": 308}, {"id": "857", "count": 306}, {"id": "667", "count": 305}, {"id": "847", "count": 304}, {"id": "375", "count": 303}, {"id": "1070", "count": 302}, {"id": "1280", "count": 302}, {"id": "328", "count": 302}, {"id": "1177", "count": 302}, {"id": "1410", "count": 301}, {"id": "316", "count": 299}, {"id": "540", "count": 298}, {"id": "1088", "count": 298}, {"id": "504", "count": 296}, {"id": "610", "count": 296}, {"id": "952", "count": 294}, {"id": "1389", "count": 294}, {"id": "538", "count": 293}, {"id": "1018", "count": 293}, {"id": "917", "count": 292}, {"id": "293", "count": 292}, {"id": "388", "count": 291}, {"id": "1147", "count": 290}, {"id": "970", "count": 288}, {"id": "845", "count": 288}, {"id": "1397", "count": 287}, {"id": "207", "count": 286}, {"id": "1510", "count": 285}, {"id": "1106", "count": 283}, {"id": "196", "count": 282}, {"id": "470", "count": 282}, {"id": "1485", "count": 281}, {"id": "1395", "count": 281}, {"id": "337", "count": 276}, {"id": "1470", "count": 274}, {"id": "669", "count": 274}, {"id": "254", "count": 273}, {"id": "1173", "count": 271}, {"id": "676", "count": 270}, {"id": "1299", "count": 269}, {"id": "393", "count": 269}, {"id": "729", "count": 267}, {"id": "513", "count": 267}, {"id": "236", "count": 263}, {"id": "531", "count": 261}, {"id": "971", "count": 261}, {"id": "1124", "count": 258}, {"id": "613", "count": 256}, {"id": "1290", "count": 254}, {"id": "859", "count": 249}, {"id": "1014", "count": 248}, {"id": "1532", "count": 248}, {"id": "614", "count": 247}, {"id": "1179", "count": 246}, {"id": "1501", "count": 245}, {"id": "405", "count": 245}, {"id": "1105", "count": 244}, {"id": "874", "count": 243}, {"id": "738", "count": 243}, {"id": "732", "count": 242}, {"id": "203", "count": 242}, {"id": "353", "count": 242}, {"id": "1377", "count": 241}, {"id": "1100", "count": 241}, {"id": "679", "count": 241}, {"id": "1489", "count": 240}, {"id": "978", "count": 239}, {"id": "1356", "count": 239}, {"id": "944", "count": 238}, {"id": "784", "count": 238}, {"id": "969", "count": 236}, {"id": "1136", "count": 235}, {"id": "485", "count": 234}, {"id": "1129", "count": 234}, {"id": "1408", "count": 234}, {"id": "622", "count": 231}, {"id": "709", "count": 230}, {"id": "1127", "count": 229}, {"id": "469", "count": 228}, {"id": "490", "count": 227}, {"id": "1232", "count": 227}, {"id": "251", "count": 226}, {"id": "202", "count": 226}, {"id": "1064", "count": 225}, {"id": "277", "count": 224}, {"id": "255", "count": 222}, {"id": "1204", "count": 222}, {"id": "964", "count": 220}, {"id": "830", "count": 219}, {"id": "545", "count": 218}, {"id": "714", "count": 217}, {"id": "1135", "count": 217}, {"id": "890", "count": 215}, {"id": "289", "count": 214}, {"id": "639", "count": 214}, {"id": "320", "count": 213}, {"id": "960", "count": 213}, {"id": "1180", "count": 212}, {"id": "1403", "count": 212}, {"id": "643", "count": 212}, {"id": "686", "count": 212}, {"id": "1000", "count": 211}, {"id": "1317", "count": 211}, {"id": "1125", "count": 211}, {"id": "811", "count": 211}, {"id": "1194", "count": 209}, {"id": "990", "count": 208}, {"id": "875", "count": 208}, {"id": "949", "count": 208}, {"id": "645", "count": 207}, {"id": "249", "count": 207}, {"id": "1497", "count": 206}, {"id": "394", "count": 206}, {"id": "1110", "count": 204}, {"id": "1411", "count": 204}, {"id": "819", "count": 204}, {"id": "935", "count": 204}, {"id": "822", "count": 204}, {"id": "895", "count": 202}, {"id": "480", "count": 201}, {"id": "1478", "count": 200}, {"id": "1525", "count": 199}, {"id": "399", "count": 199}, {"id": "1383", "count": 199}, {"id": "483", "count": 199}, {"id": "938", "count": 199}, {"id": "374", "count": 198}, {"id": "450", "count": 196}, {"id": "452", "count": 196}, {"id": "1452", "count": 195}, {"id": "632", "count": 195}, {"id": "713", "count": 195}, {"id": "420", "count": 194}, {"id": "939", "count": 194}, {"id": "1247", "count": 193}, {"id": "1496", "count": 193}, {"id": "1069", "count": 192}, {"id": "842", "count": 191}, {"id": "288", "count": 191}, {"id": "1345", "count": 191}, {"id": "1481", "count": 190}, {"id": "462", "count": 190}, {"id": "1146", "count": 190}, {"id": "227", "count": 188}, {"id": "1249", "count": 188}, {"id": "448", "count": 187}, {"id": "1493", "count": 187}, {"id": "1327", "count": 187}, {"id": "687", "count": 186}, {"id": "882", "count": 184}, {"id": "245", "count": 184}, {"id": "1508", "count": 184}, {"id": "554", "count": 183}, {"id": "502", "count": 181}, {"id": "831", "count": 180}, {"id": "494", "count": 180}, {"id": "1048", "count": 179}, {"id": "1108", "count": 179}, {"id": "484", "count": 179}, {"id": "1208", "count": 178}, {"id": "665", "count": 178}, {"id": "856", "count": 177}, {"id": "793", "count": 177}, {"id": "1456", "count": 177}, {"id": "1412", "count": 176}, {"id": "1539", "count": 176}, {"id": "708", "count": 175}, {"id": "1453", "count": 175}, {"id": "1268", "count": 174}, {"id": "231", "count": 173}, {"id": "229", "count": 172}, {"id": "854", "count": 171}, {"id": "523", "count": 170}, {"id": "380", "count": 170}, {"id": "1149", "count": 169}, {"id": "425", "count": 169}, {"id": "1338", "count": 168}, {"id": "680", "count": 168}, {"id": "572", "count": 167}, {"id": "1306", "count": 167}, {"id": "1241", "count": 167}, {"id": "1081", "count": 166}, {"id": "1109", "count": 166}, {"id": "677", "count": 165}, {"id": "647", "count": 164}, {"id": "1058", "count": 163}, {"id": "301", "count": 163}, {"id": "414", "count": 163}, {"id": "1352", "count": 163}, {"id": "889", "count": 161}, {"id": "954", "count": 161}, {"id": "1245", "count": 161}, {"id": "1083", "count": 160}, {"id": "339", "count": 160}, {"id": "1219", "count": 160}, {"id": "684", "count": 160}, {"id": "691", "count": 159}, {"id": "210", "count": 159}, {"id": "191", "count": 158}, {"id": "214", "count": 158}, {"id": "243", "count": 158}, {"id": "355", "count": 158}, {"id": "1393", "count": 158}, {"id": "1097", "count": 157}, {"id": "915", "count": 156}, {"id": "1451", "count": 155}, {"id": "1210", "count": 155}, {"id": "1227", "count": 155}, {"id": "211", "count": 153}, {"id": "426", "count": 153}, {"id": "391", "count": 153}, {"id": "805", "count": 153}, {"id": "1230", "count": 151}, {"id": "416", "count": 151}, {"id": "766", "count": 150}, {"id": "1005", "count": 150}, {"id": "1187", "count": 150}, {"id": "1570", "count": 150}, {"id": "1107", "count": 150}, {"id": "447", "count": 149}, {"id": "1433", "count": 148}, {"id": "1363", "count": 147}, {"id": "1012", "count": 147}, {"id": "270", "count": 146}, {"id": "1263", "count": 146}, {"id": "559", "count": 146}, {"id": "839", "count": 145}, {"id": "1514", "count": 145}, {"id": "204", "count": 144}, {"id": "220", "count": 144}, {"id": "1346", "count": 144}, {"id": "786", "count": 144}, {"id": "916", "count": 143}, {"id": "1234", "count": 143}, {"id": "201", "count": 143}, {"id": "1355", "count": 142}, {"id": "765", "count": 142}, {"id": "329", "count": 142}, {"id": "582", "count": 142}, {"id": "390", "count": 141}, {"id": "1257", "count": 140}, {"id": "1413", "count": 140}, {"id": "1193", "count": 140}, {"id": "310", "count": 140}, {"id": "499", "count": 140}, {"id": "294", "count": 139}, {"id": "282", "count": 139}, {"id": "573", "count": 138}, {"id": "1545", "count": 138}, {"id": "305", "count": 137}, {"id": "1220", "count": 137}, {"id": "855", "count": 137}, {"id": "814", "count": 136}, {"id": "1143", "count": 135}, {"id": "1405", "count": 135}, {"id": "747", "count": 134}, {"id": "925", "count": 134}, {"id": "1533", "count": 133}, {"id": "948", "count": 133}, {"id": "312", "count": 132}, {"id": "771", "count": 132}, {"id": "1436", "count": 132}, {"id": "941", "count": 131}, {"id": "1028", "count": 131}, {"id": "492", "count": 131}, {"id": "666", "count": 131}, {"id": "1153", "count": 131}, {"id": "297", "count": 130}, {"id": "269", "count": 130}, {"id": "736", "count": 129}, {"id": "837", "count": 129}, {"id": "336", "count": 128}, {"id": "221", "count": 128}, {"id": "514", "count": 128}, {"id": "803", "count": 127}, {"id": "1343", "count": 127}, {"id": "1461", "count": 127}, {"id": "1120", "count": 127}, {"id": "455", "count": 127}, {"id": "850", "count": 127}, {"id": "1424", "count": 127}, {"id": "1228", "count": 126}, {"id": "493", "count": 126}, {"id": "1416", "count": 126}, {"id": "1360", "count": 126}, {"id": "1463", "count": 126}, {"id": "1297", "count": 126}, {"id": "507", "count": 125}, {"id": "534", "count": 125}, {"id": "1077", "count": 125}, {"id": "1372", "count": 122}, {"id": "1200", "count": 122}, {"id": "1522", "count": 122}, {"id": "401", "count": 121}, {"id": "429", "count": 121}, {"id": "1594", "count": 120}, {"id": "1178", "count": 120}, {"id": "761", "count": 120}, {"id": "1248", "count": 120}, {"id": "1255", "count": 120}, {"id": "1185", "count": 119}, {"id": "457", "count": 119}, {"id": "1073", "count": 118}, {"id": "1017", "count": 118}, {"id": "1427", "count": 117}, {"id": "1170", "count": 117}, {"id": "1446", "count": 116}, {"id": "432", "count": 116}, {"id": "412", "count": 116}, {"id": "587", "count": 116}, {"id": "350", "count": 115}, {"id": "1300", "count": 115}, {"id": "406", "count": 114}, {"id": "904", "count": 114}, {"id": "528", "count": 114}, {"id": "444", "count": 113}, {"id": "359", "count": 113}, {"id": "1537", "count": 113}, {"id": "338", "count": 112}, {"id": "1367", "count": 112}, {"id": "1004", "count": 112}, {"id": "591", "count": 111}, {"id": "460", "count": 111}, {"id": "237", "count": 111}, {"id": "1295", "count": 111}, {"id": "481", "count": 111}, {"id": "192", "count": 109}, {"id": "206", "count": 109}, {"id": "1438", "count": 108}, {"id": "1184", "count": 108}, {"id": "733", "count": 108}, {"id": "1488", "count": 108}, {"id": "199", "count": 108}, {"id": "422", "count": 108}, {"id": "1365", "count": 108}, {"id": "878", "count": 107}, {"id": "461", "count": 107}, {"id": "449", "count": 106}, {"id": "1417", "count": 106}, {"id": "1376", "count": 106}, {"id": "816", "count": 105}, {"id": "908", "count": 105}, {"id": "956", "count": 105}, {"id": "1589", "count": 105}, {"id": "1201", "count": 105}, {"id": "759", "count": 105}, {"id": "692", "count": 104}, {"id": "642", "count": 104}, {"id": "600", "count": 104}, {"id": "564", "count": 103}, {"id": "224", "count": 103}, {"id": "364", "count": 103}, {"id": "1275", "count": 103}, {"id": "646", "count": 103}, {"id": "209", "count": 103}, {"id": "319", "count": 103}, {"id": "1061", "count": 102}, {"id": "1013", "count": 102}, {"id": "1104", "count": 102}, {"id": "1342", "count": 101}, {"id": "1258", "count": 101}, {"id": "1432", "count": 101}, {"id": "1224", "count": 101}, {"id": "635", "count": 101}, {"id": "1223", "count": 101}, {"id": "751", "count": 100}, {"id": "1034", "count": 100}, {"id": "443", "count": 100}, {"id": "1114", "count": 100}, {"id": "1374", "count": 99}, {"id": "940", "count": 99}, {"id": "396", "count": 99}, {"id": "1551", "count": 99}, {"id": "1560", "count": 99}, {"id": "1473", "count": 98}, {"id": "1559", "count": 97}, {"id": "261", "count": 97}, {"id": "1387", "count": 97}, {"id": "863", "count": 97}, {"id": "1274", "count": 96}, {"id": "661", "count": 96}, {"id": "1055", "count": 96}, {"id": "722", "count": 96}, {"id": "488", "count": 96}, {"id": "1442", "count": 96}, {"id": "1091", "count": 95}, {"id": "272", "count": 95}, {"id": "1429", "count": 95}, {"id": "1053", "count": 95}, {"id": "1504", "count": 94}, {"id": "981", "count": 94}, {"id": "1154", "count": 93}, {"id": "1506", "count": 93}, {"id": "1181", "count": 93}, {"id": "1330", "count": 93}, {"id": "473", "count": 93}, {"id": "188", "count": 93}, {"id": "218", "count": 93}, {"id": "323", "count": 93}, {"id": "1557", "count": 93}, {"id": "865", "count": 93}, {"id": "1544", "count": 93}, {"id": "1561", "count": 92}, {"id": "1203", "count": 92}, {"id": "727", "count": 92}, {"id": "1096", "count": 92}, {"id": "899", "count": 92}, {"id": "1390", "count": 92}, {"id": "1312", "count": 92}, {"id": "670", "count": 92}, {"id": "258", "count": 92}, {"id": "324", "count": 91}, {"id": "1590", "count": 91}, {"id": "368", "count": 91}, {"id": "974", "count": 91}, {"id": "1288", "count": 91}, {"id": "1402", "count": 90}, {"id": "1555", "count": 90}, {"id": "1349", "count": 90}, {"id": "1480", "count": 90}, {"id": "638", "count": 90}, {"id": "1310", "count": 90}, {"id": "489", "count": 90}, {"id": "439", "count": 90}, {"id": "1574", "count": 90}, {"id": "1531", "count": 89}, {"id": "1046", "count": 89}, {"id": "992", "count": 89}, {"id": "994", "count": 89}, {"id": "1585", "count": 89}, {"id": "1546", "count": 89}, {"id": "720", "count": 88}, {"id": "873", "count": 88}, {"id": "1324", "count": 88}, {"id": "652", "count": 88}, {"id": "571", "count": 88}, {"id": "1340", "count": 88}, {"id": "607", "count": 88}, {"id": "724", "count": 88}, {"id": "340", "count": 87}, {"id": "1160", "count": 87}, {"id": "799", "count": 87}, {"id": "1002", "count": 87}, {"id": "1287", "count": 87}, {"id": "834", "count": 86}, {"id": "520", "count": 86}, {"id": "341", "count": 86}, {"id": "287", "count": 86}, {"id": "198", "count": 86}, {"id": "208", "count": 86}, {"id": "322", "count": 85}, {"id": "1328", "count": 85}, {"id": "1243", "count": 85}, {"id": "1214", "count": 85}, {"id": "860", "count": 85}, {"id": "262", "count": 85}, {"id": "351", "count": 85}, {"id": "1092", "count": 85}, {"id": "551", "count": 84}, {"id": "985", "count": 84}, {"id": "376", "count": 84}, {"id": "1192", "count": 84}, {"id": "356", "count": 84}, {"id": "1195", "count": 84}, {"id": "1189", "count": 84}, {"id": "1513", "count": 83}, {"id": "307", "count": 83}, {"id": "1379", "count": 83}, {"id": "794", "count": 83}, {"id": "1044", "count": 83}, {"id": "1320", "count": 82}, {"id": "617", "count": 82}, {"id": "275", "count": 82}, {"id": "509", "count": 82}, {"id": "577", "count": 82}, {"id": "197", "count": 82}, {"id": "1394", "count": 82}, {"id": "1316", "count": 81}, {"id": "574", "count": 81}, {"id": "654", "count": 81}, {"id": "370", "count": 81}, {"id": "233", "count": 81}, {"id": "314", "count": 81}, {"id": "1455", "count": 81}, {"id": "276", "count": 81}, {"id": "1206", "count": 81}, {"id": "782", "count": 81}, {"id": "623", "count": 81}, {"id": "1447", "count": 81}, {"id": "1369", "count": 81}, {"id": "1479", "count": 81}, {"id": "1467", "count": 80}, {"id": "232", "count": 80}, {"id": "1115", "count": 80}, {"id": "996", "count": 80}, {"id": "1238", "count": 79}, {"id": "966", "count": 79}, {"id": "284", "count": 79}, {"id": "1580", "count": 79}, {"id": "352", "count": 79}, {"id": "688", "count": 79}, {"id": "833", "count": 79}, {"id": "200", "count": 79}, {"id": "644", "count": 79}, {"id": "465", "count": 78}, {"id": "585", "count": 78}, {"id": "801", "count": 78}, {"id": "1134", "count": 78}, {"id": "431", "count": 78}, {"id": "1577", "count": 78}, {"id": "321", "count": 77}, {"id": "943", "count": 77}, {"id": "1126", "count": 76}, {"id": "189", "count": 76}, {"id": "649", "count": 76}, {"id": "247", "count": 76}, {"id": "1401", "count": 75}, {"id": "621", "count": 75}, {"id": "788", "count": 75}, {"id": "1033", "count": 75}, {"id": "924", "count": 75}, {"id": "268", "count": 75}, {"id": "263", "count": 74}, {"id": "947", "count": 74}, {"id": "575", "count": 74}, {"id": "549", "count": 74}, {"id": "896", "count": 74}, {"id": "698", "count": 74}, {"id": "252", "count": 74}, {"id": "430", "count": 73}, {"id": "435", "count": 73}, {"id": "397", "count": 72}, {"id": "907", "count": 72}, {"id": "486", "count": 72}, {"id": "903", "count": 72}, {"id": "1307", "count": 72}, {"id": "1476", "count": 72}, {"id": "668", "count": 72}, {"id": "1375", "count": 72}, {"id": "620", "count": 71}, {"id": "1406", "count": 71}, {"id": "977", "count": 71}, {"id": "413", "count": 71}, {"id": "596", "count": 71}, {"id": "539", "count": 71}, {"id": "362", "count": 70}, {"id": "921", "count": 70}, {"id": "530", "count": 70}, {"id": "702", "count": 70}, {"id": "1409", "count": 70}, {"id": "975", "count": 70}, {"id": "1499", "count": 70}, {"id": "707", "count": 70}, {"id": "1562", "count": 70}, {"id": "1458", "count": 70}, {"id": "1344", "count": 70}, {"id": "1439", "count": 70}, {"id": "852", "count": 70}, {"id": "1118", "count": 70}, {"id": "993", "count": 69}, {"id": "334", "count": 69}, {"id": "1141", "count": 69}, {"id": "1007", "count": 69}, {"id": "597", "count": 69}, {"id": "636", "count": 69}, {"id": "1207", "count": 68}, {"id": "1072", "count": 68}, {"id": "1558", "count": 68}, {"id": "535", "count": 68}, {"id": "1566", "count": 68}, {"id": "548", "count": 68}, {"id": "583", "count": 68}, {"id": "558", "count": 68}, {"id": "1286", "count": 68}, {"id": "1543", "count": 67}, {"id": "1087", "count": 67}, {"id": "537", "count": 67}, {"id": "343", "count": 67}, {"id": "308", "count": 67}, {"id": "972", "count": 67}, {"id": "1336", "count": 67}, {"id": "1159", "count": 67}, {"id": "1094", "count": 67}, {"id": "1151", "count": 67}, {"id": "757", "count": 67}, {"id": "1095", "count": 66}, {"id": "1049", "count": 66}, {"id": "641", "count": 66}, {"id": "1150", "count": 66}, {"id": "1076", "count": 65}, {"id": "1182", "count": 65}, {"id": "1445", "count": 65}, {"id": "1498", "count": 64}, {"id": "778", "count": 64}, {"id": "1512", "count": 64}, {"id": "1326", "count": 63}, {"id": "222", "count": 63}, {"id": "1315", "count": 63}, {"id": "1419", "count": 63}, {"id": "1259", "count": 63}, {"id": "767", "count": 63}, {"id": "706", "count": 63}, {"id": "1041", "count": 63}, {"id": "1575", "count": 63}, {"id": "1541", "count": 63}, {"id": "400", "count": 63}, {"id": "360", "count": 63}, {"id": "560", "count": 63}, {"id": "1166", "count": 63}, {"id": "1523", "count": 63}, {"id": "1304", "count": 62}, {"id": "1398", "count": 62}, {"id": "246", "count": 62}, {"id": "1430", "count": 62}, {"id": "1511", "count": 62}, {"id": "1472", "count": 62}, {"id": "872", "count": 62}, {"id": "1483", "count": 62}, {"id": "1366", "count": 62}, {"id": "1526", "count": 62}, {"id": "678", "count": 61}, {"id": "1569", "count": 61}, {"id": "1303", "count": 61}, {"id": "568", "count": 61}, {"id": "1466", "count": 61}, {"id": "1460", "count": 61}, {"id": "1380", "count": 61}, {"id": "1415", "count": 60}, {"id": "777", "count": 60}, {"id": "633", "count": 60}, {"id": "476", "count": 60}, {"id": "718", "count": 60}, {"id": "1261", "count": 60}, {"id": "1471", "count": 60}, {"id": "1341", "count": 60}, {"id": "912", "count": 59}, {"id": "1142", "count": 59}, {"id": "700", "count": 59}, {"id": "637", "count": 58}, {"id": "347", "count": 58}, {"id": "250", "count": 58}, {"id": "1418", "count": 58}, {"id": "634", "count": 58}, {"id": "1236", "count": 58}, {"id": "437", "count": 58}, {"id": "1329", "count": 58}, {"id": "1269", "count": 58}, {"id": "1281", "count": 58}, {"id": "1520", "count": 57}, {"id": "349", "count": 57}, {"id": "1183", "count": 57}, {"id": "813", "count": 57}, {"id": "608", "count": 56}, {"id": "963", "count": 56}, {"id": "392", "count": 56}, {"id": "1056", "count": 56}, {"id": "681", "count": 56}, {"id": "673", "count": 56}, {"id": "433", "count": 56}, {"id": "1386", "count": 56}, {"id": "1252", "count": 56}, {"id": "927", "count": 56}, {"id": "418", "count": 55}, {"id": "1042", "count": 55}, {"id": "1272", "count": 55}, {"id": "1265", "count": 55}, {"id": "1319", "count": 55}, {"id": "826", "count": 55}, {"id": "1222", "count": 54}, {"id": "1057", "count": 54}, {"id": "1156", "count": 54}, {"id": "1040", "count": 54}, {"id": "1121", "count": 54}, {"id": "616", "count": 54}, {"id": "1305", "count": 54}, {"id": "1246", "count": 53}, {"id": "753", "count": 53}, {"id": "1325", "count": 53}, {"id": "1518", "count": 53}, {"id": "1256", "count": 53}, {"id": "296", "count": 53}, {"id": "569", "count": 53}, {"id": "1484", "count": 53}, {"id": "920", "count": 53}, {"id": "421", "count": 53}, {"id": "853", "count": 53}, {"id": "694", "count": 53}, {"id": "958", "count": 53}, {"id": "1198", "count": 53}, {"id": "817", "count": 53}, {"id": "506", "count": 52}, {"id": "1399", "count": 52}, {"id": "225", "count": 52}, {"id": "961", "count": 52}, {"id": "442", "count": 52}, {"id": "532", "count": 52}, {"id": "1186", "count": 52}, {"id": "1587", "count": 52}, {"id": "1381", "count": 52}, {"id": "979", "count": 52}, {"id": "1573", "count": 52}, {"id": "1155", "count": 52}, {"id": "953", "count": 52}, {"id": "808", "count": 52}, {"id": "888", "count": 52}, {"id": "929", "count": 52}, {"id": "858", "count": 52}, {"id": "1373", "count": 51}, {"id": "1032", "count": 51}, {"id": "1229", "count": 51}, {"id": "1519", "count": 51}, {"id": "1037", "count": 51}, {"id": "1500", "count": 51}, {"id": "628", "count": 51}, {"id": "604", "count": 51}, {"id": "1331", "count": 51}, {"id": "1597", "count": 51}, {"id": "1583", "count": 51}, {"id": "1596", "count": 50}, {"id": "1482", "count": 50}, {"id": "417", "count": 50}, {"id": "553", "count": 50}, {"id": "655", "count": 50}, {"id": "1293", "count": 50}, {"id": "1378", "count": 50}, {"id": "1270", "count": 49}, {"id": "565", "count": 49}, {"id": "601", "count": 49}, {"id": "1593", "count": 49}, {"id": "1292", "count": 49}, {"id": "697", "count": 49}, {"id": "909", "count": 49}, {"id": "256", "count": 49}, {"id": "522", "count": 49}, {"id": "411", "count": 49}, {"id": "848", "count": 49}, {"id": "467", "count": 49}, {"id": "1283", "count": 49}, {"id": "379", "count": 48}, {"id": "242", "count": 48}, {"id": "1253", "count": 48}, {"id": "1462", "count": 48}, {"id": "1524", "count": 48}, {"id": "630", "count": 48}, {"id": "1071", "count": 48}, {"id": "1584", "count": 48}, {"id": "1260", "count": 48}, {"id": "835", "count": 47}, {"id": "795", "count": 47}, {"id": "735", "count": 47}, {"id": "870", "count": 47}, {"id": "891", "count": 47}, {"id": "737", "count": 47}, {"id": "951", "count": 47}, {"id": "887", "count": 47}, {"id": "445", "count": 47}, {"id": "190", "count": 47}, {"id": "802", "count": 47}, {"id": "546", "count": 47}, {"id": "674", "count": 47}, {"id": "807", "count": 47}, {"id": "868", "count": 47}, {"id": "1578", "count": 46}, {"id": "1552", "count": 46}, {"id": "653", "count": 46}, {"id": "1581", "count": 46}, {"id": "897", "count": 46}, {"id": "280", "count": 46}, {"id": "1130", "count": 46}, {"id": "427", "count": 46}, {"id": "695", "count": 46}, {"id": "776", "count": 46}, {"id": "1528", "count": 46}, {"id": "1221", "count": 46}, {"id": "358", "count": 46}, {"id": "1547", "count": 46}, {"id": "1579", "count": 46}, {"id": "1414", "count": 46}, {"id": "1211", "count": 46}, {"id": "1517", "count": 45}, {"id": "1521", "count": 45}, {"id": "1164", "count": 45}, {"id": "576", "count": 45}, {"id": "986", "count": 45}, {"id": "671", "count": 45}, {"id": "650", "count": 45}, {"id": "672", "count": 45}, {"id": "758", "count": 45}, {"id": "675", "count": 45}, {"id": "871", "count": 45}, {"id": "918", "count": 45}, {"id": "234", "count": 45}, {"id": "1556", "count": 45}, {"id": "1542", "count": 45}, {"id": "1595", "count": 45}, {"id": "1169", "count": 45}, {"id": "998", "count": 44}, {"id": "774", "count": 44}, {"id": "1278", "count": 44}, {"id": "1294", "count": 44}, {"id": "1225", "count": 44}, {"id": "372", "count": 44}, {"id": "1282", "count": 44}, {"id": "491", "count": 44}, {"id": "1495", "count": 44}, {"id": "762", "count": 44}, {"id": "1576", "count": 44}, {"id": "1565", "count": 44}, {"id": "905", "count": 43}, {"id": "510", "count": 43}, {"id": "1431", "count": 43}, {"id": "886", "count": 43}, {"id": "1199", "count": 43}, {"id": "884", "count": 43}, {"id": "701", "count": 42}, {"id": "542", "count": 42}, {"id": "1313", "count": 42}, {"id": "1212", "count": 42}, {"id": "1242", "count": 42}, {"id": "1420", "count": 42}, {"id": "1534", "count": 42}, {"id": "682", "count": 42}, {"id": "1237", "count": 41}, {"id": "1492", "count": 41}, {"id": "1503", "count": 41}, {"id": "1553", "count": 41}, {"id": "1548", "count": 41}, {"id": "756", "count": 41}, {"id": "1119", "count": 41}, {"id": "285", "count": 41}, {"id": "1475", "count": 41}, {"id": "1535", "count": 41}, {"id": "1459", "count": 40}, {"id": "838", "count": 40}, {"id": "1038", "count": 40}, {"id": "389", "count": 40}, {"id": "479", "count": 40}, {"id": "1065", "count": 40}, {"id": "1284", "count": 40}, {"id": "1404", "count": 40}, {"id": "1564", "count": 40}, {"id": "789", "count": 40}, {"id": "1165", "count": 40}, {"id": "1067", "count": 40}, {"id": "1172", "count": 40}, {"id": "1075", "count": 40}, {"id": "295", "count": 39}, {"id": "1132", "count": 39}, {"id": "1353", "count": 39}, {"id": "386", "count": 39}, {"id": "926", "count": 39}, {"id": "588", "count": 39}, {"id": "1174", "count": 39}, {"id": "627", "count": 39}, {"id": "876", "count": 39}, {"id": "840", "count": 39}, {"id": "1285", "count": 39}, {"id": "446", "count": 39}, {"id": "403", "count": 39}, {"id": "945", "count": 39}, {"id": "1157", "count": 39}, {"id": "1486", "count": 38}, {"id": "866", "count": 38}, {"id": "1588", "count": 38}, {"id": "1217", "count": 38}, {"id": "266", "count": 38}, {"id": "740", "count": 38}, {"id": "1339", "count": 38}, {"id": "1298", "count": 38}, {"id": "1209", "count": 38}, {"id": "1384", "count": 37}, {"id": "1240", "count": 37}, {"id": "241", "count": 37}, {"id": "1350", "count": 37}, {"id": "911", "count": 37}, {"id": "1074", "count": 37}, {"id": "987", "count": 37}, {"id": "1359", "count": 37}, {"id": "512", "count": 37}, {"id": "1357", "count": 36}, {"id": "1235", "count": 36}, {"id": "746", "count": 36}, {"id": "1131", "count": 36}, {"id": "901", "count": 36}, {"id": "1030", "count": 36}, {"id": "754", "count": 36}, {"id": "1117", "count": 36}, {"id": "968", "count": 36}, {"id": "717", "count": 36}, {"id": "1441", "count": 36}, {"id": "1015", "count": 36}, {"id": "1568", "count": 36}, {"id": "1348", "count": 35}, {"id": "311", "count": 35}, {"id": "976", "count": 35}, {"id": "861", "count": 35}, {"id": "906", "count": 35}, {"id": "1025", "count": 35}, {"id": "402", "count": 35}, {"id": "524", "count": 35}, {"id": "648", "count": 35}, {"id": "1266", "count": 35}, {"id": "1197", "count": 35}, {"id": "378", "count": 35}, {"id": "1572", "count": 35}, {"id": "820", "count": 35}, {"id": "748", "count": 35}, {"id": "723", "count": 35}, {"id": "1244", "count": 35}, {"id": "1190", "count": 35}, {"id": "815", "count": 34}, {"id": "716", "count": 34}, {"id": "1477", "count": 34}, {"id": "570", "count": 34}, {"id": "518", "count": 34}, {"id": "286", "count": 34}, {"id": "1148", "count": 34}, {"id": "1337", "count": 34}, {"id": "1262", "count": 34}, {"id": "1039", "count": 34}, {"id": "1054", "count": 33}, {"id": "1123", "count": 33}, {"id": "1440", "count": 33}, {"id": "419", "count": 33}, {"id": "1400", "count": 33}, {"id": "836", "count": 33}, {"id": "335", "count": 33}, {"id": "290", "count": 33}, {"id": "589", "count": 33}, {"id": "1168", "count": 33}, {"id": "1550", "count": 33}, {"id": "1267", "count": 33}, {"id": "744", "count": 33}, {"id": "1507", "count": 33}, {"id": "973", "count": 33}, {"id": "1364", "count": 32}, {"id": "959", "count": 32}, {"id": "936", "count": 32}, {"id": "1078", "count": 32}, {"id": "387", "count": 32}, {"id": "475", "count": 32}, {"id": "354", "count": 32}, {"id": "464", "count": 32}, {"id": "1333", "count": 32}, {"id": "1008", "count": 32}, {"id": "791", "count": 32}, {"id": "1358", "count": 32}, {"id": "1216", "count": 32}, {"id": "1332", "count": 32}, {"id": "950", "count": 31}, {"id": "279", "count": 31}, {"id": "519", "count": 31}, {"id": "772", "count": 31}, {"id": "1215", "count": 31}, {"id": "1347", "count": 31}, {"id": "1361", "count": 31}, {"id": "1515", "count": 31}, {"id": "658", "count": 30}, {"id": "472", "count": 30}, {"id": "495", "count": 30}, {"id": "1011", "count": 30}, {"id": "260", "count": 30}, {"id": "1084", "count": 30}, {"id": "594", "count": 30}, {"id": "369", "count": 30}, {"id": "384", "count": 30}, {"id": "1468", "count": 30}, {"id": "1571", "count": 29}, {"id": "1582", "count": 29}, {"id": "1020", "count": 29}, {"id": "932", "count": 29}, {"id": "783", "count": 29}, {"id": "1098", "count": 29}, {"id": "526", "count": 29}, {"id": "1474", "count": 29}, {"id": "995", "count": 29}, {"id": "785", "count": 29}, {"id": "933", "count": 28}, {"id": "477", "count": 28}, {"id": "1019", "count": 28}, {"id": "931", "count": 28}, {"id": "1239", "count": 28}, {"id": "611", "count": 27}, {"id": "1133", "count": 27}, {"id": "345", "count": 27}, {"id": "318", "count": 27}, {"id": "331", "count": 27}, {"id": "271", "count": 27}, {"id": "599", "count": 27}, {"id": "812", "count": 27}, {"id": "821", "count": 27}, {"id": "849", "count": 27}, {"id": "867", "count": 27}, {"id": "923", "count": 27}, {"id": "1233", "count": 27}, {"id": "1296", "count": 27}, {"id": "752", "count": 27}, {"id": "1144", "count": 27}, {"id": "1009", "count": 27}, {"id": "1354", "count": 27}, {"id": "1448", "count": 27}, {"id": "1464", "count": 27}, {"id": "515", "count": 26}, {"id": "377", "count": 26}, {"id": "1527", "count": 26}, {"id": "1060", "count": 26}, {"id": "478", "count": 26}, {"id": "508", "count": 26}, {"id": "453", "count": 26}, {"id": "398", "count": 26}, {"id": "371", "count": 26}, {"id": "626", "count": 26}, {"id": "629", "count": 26}, {"id": "1138", "count": 26}, {"id": "361", "count": 26}, {"id": "505", "count": 26}, {"id": "605", "count": 26}, {"id": "775", "count": 26}, {"id": "1052", "count": 26}, {"id": "818", "count": 26}, {"id": "1536", "count": 25}, {"id": "1538", "count": 25}, {"id": "619", "count": 24}, {"id": "749", "count": 24}, {"id": "590", "count": 24}, {"id": "1112", "count": 24}, {"id": "1191", "count": 24}, {"id": "1443", "count": 24}, {"id": "1196", "count": 24}, {"id": "704", "count": 24}, {"id": "441", "count": 24}, {"id": "1516", "count": 24}, {"id": "333", "count": 24}, {"id": "1152", "count": 23}, {"id": "804", "count": 23}, {"id": "1045", "count": 23}, {"id": "547", "count": 23}, {"id": "541", "count": 23}, {"id": "1202", "count": 23}, {"id": "1103", "count": 23}, {"id": "603", "count": 23}, {"id": "1188", "count": 23}, {"id": "527", "count": 23}, {"id": "395", "count": 23}, {"id": "496", "count": 23}, {"id": "657", "count": 23}, {"id": "1434", "count": 22}, {"id": "885", "count": 22}, {"id": "989", "count": 22}, {"id": "228", "count": 22}, {"id": "1264", "count": 22}, {"id": "1392", "count": 22}, {"id": "1563", "count": 22}, {"id": "1567", "count": 22}, {"id": "1540", "count": 22}, {"id": "274", "count": 22}, {"id": "291", "count": 22}, {"id": "1231", "count": 22}, {"id": "1385", "count": 22}, {"id": "1454", "count": 22}, {"id": "1036", "count": 22}, {"id": "474", "count": 21}, {"id": "456", "count": 21}, {"id": "1111", "count": 21}, {"id": "292", "count": 21}, {"id": "487", "count": 21}, {"id": "683", "count": 21}, {"id": "1128", "count": 21}, {"id": "306", "count": 20}, {"id": "715", "count": 20}, {"id": "983", "count": 20}, {"id": "1010", "count": 20}, {"id": "498", "count": 20}, {"id": "1591", "count": 20}, {"id": "768", "count": 20}, {"id": "552", "count": 20}, {"id": "1311", "count": 20}, {"id": "893", "count": 20}, {"id": "689", "count": 19}, {"id": "739", "count": 19}, {"id": "781", "count": 19}, {"id": "407", "count": 19}, {"id": "602", "count": 19}, {"id": "567", "count": 19}, {"id": "880", "count": 19}, {"id": "1099", "count": 19}, {"id": "533", "count": 19}, {"id": "366", "count": 19}, {"id": "332", "count": 19}, {"id": "1102", "count": 18}, {"id": "730", "count": 18}, {"id": "424", "count": 18}, {"id": "787", "count": 18}, {"id": "980", "count": 18}, {"id": "741", "count": 18}, {"id": "458", "count": 17}, {"id": "1113", "count": 17}, {"id": "1335", "count": 17}, {"id": "1396", "count": 17}, {"id": "1176", "count": 17}, {"id": "703", "count": 17}, {"id": "1163", "count": 17}, {"id": "1062", "count": 17}, {"id": "278", "count": 17}, {"id": "1027", "count": 17}, {"id": "373", "count": 16}, {"id": "1066", "count": 16}, {"id": "1371", "count": 16}, {"id": "1321", "count": 16}, {"id": "1351", "count": 16}, {"id": "1494", "count": 16}, {"id": "1449", "count": 16}, {"id": "557", "count": 15}, {"id": "584", "count": 15}, {"id": "1291", "count": 15}, {"id": "501", "count": 15}, {"id": "726", "count": 15}, {"id": "1502", "count": 15}, {"id": "1334", "count": 15}, {"id": "1426", "count": 15}, {"id": "1063", "count": 15}, {"id": "663", "count": 15}, {"id": "1469", "count": 14}, {"id": "712", "count": 14}, {"id": "1407", "count": 14}, {"id": "1382", "count": 14}, {"id": "1082", "count": 14}, {"id": "1277", "count": 14}, {"id": "1444", "count": 14}, {"id": "779", "count": 13}, {"id": "1059", "count": 13}, {"id": "742", "count": 13}, {"id": "997", "count": 13}, {"id": "1003", "count": 13}, {"id": "843", "count": 13}, {"id": "1158", "count": 13}, {"id": "796", "count": 13}, {"id": "1031", "count": 13}, {"id": "685", "count": 13}, {"id": "869", "count": 13}, {"id": "1139", "count": 13}, {"id": "937", "count": 13}, {"id": "1068", "count": 12}, {"id": "1171", "count": 12}, {"id": "1592", "count": 12}, {"id": "1509", "count": 12}, {"id": "171", "count": 12}, {"id": "1089", "count": 11}, {"id": "1161", "count": 11}, {"id": "1549", "count": 11}, {"id": "1586", "count": 11}, {"id": "823", "count": 11}, {"id": "764", "count": 10}, {"id": "1554", "count": 10}, {"id": "928", "count": 10}, {"id": "346", "count": 10}, {"id": "529", "count": 10}, {"id": "382", "count": 10}, {"id": "615", "count": 10}, {"id": "659", "count": 10}, {"id": "555", "count": 10}, {"id": "829", "count": 9}, {"id": "1050", "count": 9}, {"id": "1437", "count": 9}, {"id": "773", "count": 9}, {"id": "827", "count": 9}, {"id": "881", "count": 9}, {"id": "913", "count": 8}, {"id": "721", "count": 8}, {"id": "1035", "count": 8}, {"id": "342", "count": 8}, {"id": "410", "count": 8}, {"id": "606", "count": 8}, {"id": "1301", "count": 8}, {"id": "1425", "count": 8}, {"id": "1308", "count": 8}, {"id": "1226", "count": 8}, {"id": "1490", "count": 8}, {"id": "1302", "count": 8}, {"id": "725", "count": 8}, {"id": "728", "count": 7}, {"id": "1309", "count": 6}, {"id": "79", "count": 6}, {"id": "1205", "count": 6}, {"id": "930", "count": 6}, {"id": "1023", "count": 6}, {"id": "1254", "count": 6}, {"id": "176", "count": 6}, {"id": "415", "count": 6}, {"id": "404", "count": 5}, {"id": "984", "count": 5}, {"id": "770", "count": 5}, {"id": "699", "count": 5}, {"id": "257", "count": 5}, {"id": "1465", "count": 5}, {"id": "1368", "count": 4}, {"id": "365", "count": 4}, {"id": "454", "count": 4}, {"id": "651", "count": 4}, {"id": "244", "count": 4}, {"id": "710", "count": 3}, {"id": "348", "count": 3}, {"id": "581", "count": 3}, {"id": "235", "count": 3}, {"id": "879", "count": 3}, {"id": "1271", "count": 3}, {"id": "313", "count": 3}, {"id": "1505", "count": 3}, {"id": "1314", "count": 3}, {"id": "760", "count": 2}, {"id": "797", "count": 2}, {"id": "914", "count": 2}, {"id": "922", "count": 2}, {"id": "711", "count": 2}, {"id": "942", "count": 2}, {"id": "283", "count": 2}, {"id": "265", "count": 2}, {"id": "1370", "count": 2}, {"id": "326", "count": 2}, {"id": "846", "count": 2}, {"id": "832", "count": 2}, {"id": "1487", "count": 2}, {"id": "1273", "count": 2}, {"id": "525", "count": 1}, {"id": "1162", "count": 1}, {"id": "1422", "count": 1}, {"id": "792", "count": 1}, {"id": "215", "count": 1}, {"id": "423", "count": 1}, {"id": "719", "count": 1}, {"id": "999", "count": 1}, {"id": "1051", "count": 1}, {"id": "965", "count": 1}, {"id": "1175", "count": 1}, {"id": "988", "count": 1}, {"id": "1006", "count": 1}, {"id": "1122", "count": 1}, {"id": "898", "count": 1}, {"id": "440", "count": 1}, {"id": "828", "count": 1}, {"id": "1016", "count": 1}, {"id": "1101", "count": 1}, {"id": "1080", "count": 1}, {"id": "303", "count": 1}, {"id": "381", "count": 1}, {"id": "302", "count": 1}, {"id": "434", "count": 1}, {"id": "1047", "count": 1}, {"id": "544", "count": 1}, {"id": "902", "count": 1}, {"id": "1043", "count": 1}, {"id": "1388", "count": 1}]